"Date","Time","Time Zone","Description","Currency","Gross","Fee","Net","Balance","Transaction ID","From Email Address","Name","Bank Name","Bank account","Postage and Packaging Amount","VAT","Invoice ID","Reference Txn ID"
"4/1/2022","00:07:13","Asia/Calcutta","Express Checkout Payment","USD","71.00","-3.46","67.54","630.26","6B914826BX101252Y","elizabeth.carole@gmail.com","Elizabeth Johnston","","","0.00","0.00","WC-210764",""
"4/1/2022","00:29:27","Asia/Calcutta","Express Checkout Payment","USD","40.00","-2.10","37.90","668.16","5VP470619H9774511","silverentei@gmail.com","Stephanie Kuech","","","0.00","0.00","WC-210765",""
"4/1/2022","01:08:53","Asia/Calcutta","Express Checkout Payment","USD","99.00","-4.67","94.33","762.49","4JN20121NS176962H","cameomc@gmail.com","Cameo McCarthy","","","0.00","0.00","WC-210766",""
"4/1/2022","02:23:41","Asia/Calcutta","Express Checkout Payment","USD","79.00","-3.80","75.20","837.69","88240992NC047291K","staceyswhigham@gmail.com","Stacey Whigham","","","0.00","0.00","WC-210767",""
"4/1/2022","03:12:48","Asia/Calcutta","Express Checkout Payment","USD","79.00","-3.80","75.20","912.89","1HN219075B1025207","dr.jamesmbrown@gmail.com","james brown","","","0.00","0.00","WC-210769",""
"4/1/2022","03:41:38","Asia/Calcutta","General Currency Conversion","USD","-562.72","0.00","-562.72","350.17","38S00636L3178891J","","","","","0.00","0.00","","0MJ94427HR530523S"
"4/1/2022","07:50:50","Asia/Calcutta","Express Checkout Payment","USD","20.00","-1.23","18.77","368.94","09G4682130526732G","denisegjohnson@gmail.com","Denise Johnson","","","0.00","0.00","WC-210770",""
"4/1/2022","10:23:01","Asia/Calcutta","Express Checkout Payment","USD","79.00","-3.80","75.20","444.14","8KW46105D5846151C","waihili@gmail.com","Amy Marsh, Hypnotist","","","0.00","0.00","WC-210771",""
"4/1/2022","10:36:39","Asia/Calcutta","Express Checkout Payment","USD","40.00","-2.10","37.90","482.04","6KD93429BH841084U","bailey_lapp@hotmail.com","Bailey Hansen","","","0.00","0.00","WC-210772",""
"4/1/2022","11:49:41","Asia/Calcutta","Express Checkout Payment","USD","40.00","-2.10","37.90","519.94","16591522TH893412G","abramsonjd3@hotmail.com","Jonathan Abramson","","","0.00","0.00","WC-210773",""
"4/1/2022","11:54:12","Asia/Calcutta","Express Checkout Payment","USD","20.00","-1.23","18.77","538.71","1YP20819Y5184105C","abramsonjd3@hotmail.com","Jonathan Abramson","","","0.00","0.00","WC-210774",""
"4/1/2022","19:09:38","Asia/Calcutta","Hold on Balance for Dispute Investigation","USD","-18.77","0.00","-18.77","519.94","97U31916SJ7779142","rebaeaton@yahoo.com","Reba Eaton","","","0.00","0.00","WC-210566","5N732570G1374112L"
"4/1/2022","19:27:07","Asia/Calcutta","Cancellation of Hold for Dispute Resolution","USD","18.77","0.00","18.77","538.71","97U31916SJ7779142","rebaeaton@yahoo.com","Reba Eaton","","","0.00","0.00","WC-210566","5N732570G1374112L"
"4/1/2022","20:20:23","Asia/Calcutta","Express Checkout Payment","USD","40.00","-2.10","37.90","576.61","6S7922731D944915S","eliza.c.perez@gmail.com","eliza perez","","","0.00","0.00","WC-210775",""
"4/1/2022","22:09:15","Asia/Calcutta","Express Checkout Payment","USD","79.00","-3.80","75.20","651.81","7HN01862SU617932N","erynbays@gmail.com","Eryn Bays","","","0.00","0.00","WC-210776",""
"4/2/2022","02:21:02","Asia/Calcutta","Express Checkout Payment","USD","40.00","-2.10","37.90","689.71","38423273E7396050H","dlshaffer26@yahoo.com","Just Jewelry By Dana","","","0.00","0.00","WC-210777",""
"4/2/2022","03:31:41","Asia/Calcutta","Express Checkout Payment","USD","50.00","-2.54","47.46","737.17","0DY19816PW7507336","dlshaffer26@yahoo.com","Just Jewelry By Dana","","","0.00","0.00","WC-210779",""
"4/2/2022","04:55:52","Asia/Calcutta","General Currency Conversion","USD","-651.81","0.00","-651.81","85.36","3D9325773G670580E","","","","","0.00","0.00","","9XV92709NX120725S"
"4/2/2022","09:20:18","Asia/Calcutta","Express Checkout Payment","USD","79.00","-3.80","75.20","160.56","8RU87096M0006030H","lizotte.amanda@gmail.com","Amanda Lizotte","","","0.00","0.00","WC-210781",""
"4/2/2022","10:47:53","Asia/Calcutta","Express Checkout Payment","USD","20.00","-1.23","18.77","179.33","1HU40401VB399791Y","elliot@disroot.org","Elliot Thompson","","","0.00","0.00","WC-210782",""
"4/2/2022","23:47:24","Asia/Calcutta","Express Checkout Payment","USD","20.00","-1.23","18.77","198.10","0HB293611E156645P","Kokkivo14@yahoo.com","Tresha Jordan","","","0.00","0.00","WC-210784",""
"4/3/2022","00:38:14","Asia/Calcutta","Express Checkout Payment","USD","127.00","-5.90","121.10","319.20","33494773BB938154C","clouddentistry@gmail.com","Cloud Dental PLLC","","","0.00","0.00","WC-210785",""
"4/3/2022","01:49:59","Asia/Calcutta","Express Checkout Payment","USD","79.00","-3.80","75.20","394.40","3LX64856R9584781U","nathanbradin@yahoo.com","Nathan Klein","","","0.00","0.00","WC-210786",""
"4/3/2022","02:50:40","Asia/Calcutta","Express Checkout Payment","USD","49.00","-2.49","46.51","440.91","7JR24850GF776030K","skbrink2@gmail.com","Sarah Brink","","","0.00","0.00","WC-210787",""
"4/3/2022","03:36:40","Asia/Calcutta","Express Checkout Payment","USD","20.00","-1.23","18.77","459.68","4TX59244FW652623W","racheldshang@gmail.com","Danni Shang","","","0.00","0.00","WC-210788",""
"4/3/2022","05:07:18","Asia/Calcutta","Express Checkout Payment","USD","79.00","-3.80","75.20","534.88","1KP18727L48074948","conserveyourhearing@yahoo.com","jaime clay","","","0.00","0.00","WC-210789",""
"4/3/2022","05:55:23","Asia/Calcutta","General Currency Conversion","USD","-198.10","0.00","-198.10","336.78","25B79178V62005641","","","","","0.00","0.00","","4GJ46020YN1089311"
"4/3/2022","08:30:23","Asia/Calcutta","Express Checkout Payment","USD","79.00","-3.80","75.20","411.98","40D319309F464474H","samueljohnp@gmail.com","Samuel Paris","","","0.00","0.00","WC-210790",""
"4/3/2022","18:04:28","Asia/Calcutta","Express Checkout Payment","USD","40.00","-2.10","37.90","449.88","0FV79317JP1493746","ajmom1316@gmail.com","Kathy Siefert","","","0.00","0.00","WC-210791",""
"4/3/2022","19:21:16","Asia/Calcutta","Express Checkout Payment","USD","20.00","-1.23","18.77","468.65","7EF85772LY193021U","clouddentistry@gmail.com","Cloud Dental PLLC","","","0.00","0.00","WC-210792",""
"4/4/2022","01:04:28","Asia/Calcutta","Express Checkout Payment","USD","20.00","-1.23","18.77","487.42","5HF4480106813874X","thaisdmuller@hotmail.com","Thais Dutra Muller","","","0.00","0.00","WC-210794",""
"4/4/2022","02:30:04","Asia/Calcutta","Express Checkout Payment","USD","40.00","-2.10","37.90","525.32","7VB21539K31911915","sklareskik@icloud.com","Kriaten Sklareski","","","0.00","0.00","WC-210795",""
"4/4/2022","05:32:54","Asia/Calcutta","General Currency Conversion","USD","-468.65","0.00","-468.65","56.67","05584688N91074537","","","","","0.00","0.00","","5Y303508GT731121P"
"4/4/2022","17:00:43","Asia/Calcutta","Website Payment","USD","2,625.00","-114.97","2,510.03","2,566.70","4PV37789DR727784P","support@helixandgene.com","Daniel Benilevi","","","0.00","0.00","INV2-CWPM-LAUL-GMUU-8L9X",""
"4/4/2022","18:41:00","Asia/Calcutta","Express Checkout Payment","USD","99.00","-4.67","94.33","2,661.03","8B061089108039605","peggymist@yahoo.com","Margaret Johnson","","","0.00","0.00","WC-210796",""
"4/4/2022","19:40:25","Asia/Calcutta","Express Checkout Payment","USD","20.00","-1.23","18.77","2,679.80","9V257608FC2269731","ajmom1316@gmail.com","Kathy Siefert","","","0.00","0.00","WC-210798",""
"4/4/2022","20:47:48","Asia/Calcutta","Express Checkout Payment","USD","20.00","-1.23","18.77","2,698.57","54977047B9483050P","clouddentistry@gmail.com","Cloud Dental PLLC","","","0.00","0.00","WC-210799",""
"4/4/2022","21:34:55","Asia/Calcutta","Express Checkout Payment","USD","20.00","-1.23","18.77","2,717.34","1V035775V3343611W","hagaileal@gmail.com","Hagai Leal","","","0.00","0.00","WC-210800",""
"4/5/2022","04:45:38","Asia/Calcutta","General Currency Conversion","USD","-2,717.34","0.00","-2,717.34","0.00","5ST77609M99700119","","","","","0.00","0.00","","6UC96888BH693540P"
"4/5/2022","07:57:08","Asia/Calcutta","Express Checkout Payment","USD","40.00","-2.10","37.90","37.90","2N302460HY338492N","aaronpaul88@juno.com","Aaron Skiles","","","0.00","0.00","WC-210801",""
"4/5/2022","08:33:11","Asia/Calcutta","Express Checkout Payment","USD","40.00","-2.10","37.90","75.80","00V769895Y556634B","mcbridse@gmail.com","Stephanie McBride","","","0.00","0.00","WC-210802",""
"4/5/2022","17:25:19","Asia/Calcutta","Dispute Fee","USD","-9.44","0.00","-9.44","66.36","91W523370X303981W","","","","","0.00","0.00","WC-210640","4P295454NW556423S"
"4/5/2022","17:25:19","Asia/Calcutta","Cancellation of Hold for Dispute Resolution","USD","88.00","0.00","88.00","154.36","2XR761557K407390V","Lorettalynnferretti@gmail.com","Loretta Ferretti","","","0.00","0.00","WC-210640","4P295454NW556423S"
"4/5/2022","17:25:20","Asia/Calcutta","Chargeback","USD","-88.00","0.00","-88.00","66.36","3VD25630NG6316600","","","","","0.00","0.00","WC-210640","4P295454NW556423S"
"4/6/2022","03:38:46","Asia/Calcutta","Express Checkout Payment","USD","71.00","-3.46","67.54","133.90","97Y04033CY5430437","moreno.morata@gmail.com","Francisco Moreno","","","0.00","0.00","WC-210804",""
"4/6/2022","04:52:13","Asia/Calcutta","General Currency Conversion","USD","-66.36","0.00","-66.36","67.54","2JY1711046574533B","","","","","0.00","0.00","","6YA335174D789641F"
"4/6/2022","06:15:08","Asia/Calcutta","Express Checkout Payment","USD","79.00","-3.80","75.20","142.74","1924773561532582C","ambermckinney1219@gmail.com","Memories on the Wall Photography","","","0.00","0.00","WC-210805",""
"4/6/2022","06:28:35","Asia/Calcutta","Express Checkout Payment","USD","20.00","-1.23","18.77","161.51","32L2626275680160B","ambermckinney1219@gmail.com","Memories on the Wall Photography","","","0.00","0.00","WC-210806",""
"4/6/2022","07:11:13","Asia/Calcutta","Express Checkout Payment","USD","20.00","-1.23","18.77","180.28","80V90395EA006670V","jmaylone@aol.com","Janet Maylone","","","0.00","0.00","WC-210807",""
"4/6/2022","07:44:27","Asia/Calcutta","Express Checkout Payment","USD","49.00","-2.49","46.51","226.79","05P760366Y1904549","tim5544@yahoo.com","Timothy Dunlop","","","0.00","0.00","WC-210808",""
"4/6/2022","17:50:48","Asia/Calcutta","Express Checkout Payment","USD","89.00","-4.24","84.76","311.55","8GU73340DB1692032","pembrokej1960@yahoo.com","James Pembroke","","","0.00","0.00","WC-210809",""
"4/6/2022","18:50:26","Asia/Calcutta","Express Checkout Payment","USD","20.00","-1.23","18.77","330.32","8GX39897HA6003743","awampler79@gmail.com","Amanda Lawson","","","0.00","0.00","WC-210810",""
"4/6/2022","22:15:28","Asia/Calcutta","Express Checkout Payment","USD","111.00","-5.20","105.80","436.12","4AV04252RB2489748","Kellyjoplin@hotmail.com","Kelly Joplin","","","0.00","0.00","WC-210812",""
"4/6/2022","22:38:42","Asia/Calcutta","Express Checkout Payment","USD","79.00","-3.80","75.20","511.32","40V76924J5710801R","kaylamollon@outlook.com","Kayla Mollon","","","0.00","0.00","WC-210813",""
"4/6/2022","23:20:58","Asia/Calcutta","Express Checkout Payment","USD","99.00","-4.67","94.33","605.65","81K984590P441914A","summergurley@gmail.com","Summer Allison","","","0.00","0.00","WC-210814",""
"4/6/2022","23:24:58","Asia/Calcutta","Express Checkout Payment","USD","79.00","-3.80","75.20","680.85","4N513316SV3496047","selda_bakhshi@yahoo.ca","Selda Bakhshi","","","0.00","0.00","WC-210815",""
"4/7/2022","01:01:31","Asia/Calcutta","Express Checkout Payment","USD","99.00","-4.67","94.33","775.18","5WB46831NH891132C","daisyis4ever@yahoo.com","Elizabeth Johnson","","","0.00","0.00","WC-210816",""
"4/7/2022","05:20:36","Asia/Calcutta","General Currency Conversion","USD","-680.85","0.00","-680.85","94.33","5AX44257UC406941T","","","","","0.00","0.00","","5P985180B67890801"
"4/7/2022","07:53:30","Asia/Calcutta","Website Payment","USD","252.00","-11.35","240.65","334.98","08U0404336586215B","simon@mac.web.id","psyc73","","","0.00","0.00","INV2-S7PR-PHJG-X7RL-R4KA",""
"4/7/2022","10:01:04","Asia/Calcutta","Express Checkout Payment","USD","20.00","-1.23","18.77","353.75","4DR89797X6228145V","swd1druss@gmail.com","David Russ","","","0.00","0.00","WC-210819",""
"4/7/2022","15:53:48","Asia/Calcutta","Express Checkout Payment","USD","20.00","-1.23","18.77","372.52","4WK402327H2505805","oyster16@gmail.com","Katherine Day","","","0.00","0.00","WC-210820",""
"4/7/2022","19:11:11","Asia/Calcutta","Express Checkout Payment","USD","99.00","-4.67","94.33","466.85","8PL09422VB046303B","nreisbeck@gardnerzemke.com","Nancy Reisbeck","","","0.00","0.00","WC-210822",""
"4/8/2022","05:29:46","Asia/Calcutta","Express Checkout Payment","USD","20.00","-1.23","18.77","485.62","3BP71333XG406020M","susanlcreasy@gmail.com","Susan Creasy","","","0.00","0.00","WC-210824",""
"4/8/2022","05:36:02","Asia/Calcutta","Express Checkout Payment","USD","20.00","-1.23","18.77","504.39","8HV636090C001424V","casacecelia@att.net","JENNIFER BUTLER","","","0.00","0.00","WC-210825",""
"4/8/2022","06:06:27","Asia/Calcutta","General Currency Conversion","USD","-466.85","0.00","-466.85","37.54","56719662X65867341","","","","","0.00","0.00","","9LA59692BX214481H"
"4/8/2022","10:35:15","Asia/Calcutta","Express Checkout Payment","USD","20.00","-1.23","18.77","56.31","4CL917822M200332R","colintdye@gmail.com","Colin Dye","","","0.00","0.00","WC-210832",""
"4/8/2022","10:39:34","Asia/Calcutta","Express Checkout Payment","USD","20.00","-1.23","18.77","75.08","2HP75163P00906203","colintdye@gmail.com","Colin Dye","","","0.00","0.00","WC-210833",""
"4/8/2022","12:23:56","Asia/Calcutta","Express Checkout Payment","USD","79.00","-3.80","75.20","150.28","0GT30842B9757772T","shannon@mjt.ca","Kurt Trefiak","","","0.00","0.00","WC-210834",""
"4/8/2022","18:53:57","Asia/Calcutta","Express Checkout Payment","USD","20.00","-1.23","18.77","169.05","3WA0785958242074G","juanmanuelggarcia@gmail.com","Juan Manuel García García","","","0.00","0.00","WC-210835",""
"4/9/2022","00:47:18","Asia/Calcutta","Express Checkout Payment","USD","20.00","-1.23","18.77","187.82","89E40328VL259932Y","adlts5@gmail.com","Arthur De Lio  Tavares da Silva","","","0.00","0.00","WC-210836",""
"4/9/2022","03:09:20","Asia/Calcutta","Express Checkout Payment","USD","79.00","-3.80","75.20","263.02","9X382486LD081002B","zorn.group@gmail.com","Zorn Group","","","0.00","0.00","WC-210837",""
"4/9/2022","04:45:56","Asia/Calcutta","General Currency Conversion","USD","-169.05","0.00","-169.05","93.97","8SL15399EE808935K","","","","","0.00","0.00","","09549731U73177743"
"4/9/2022","07:33:42","Asia/Calcutta","Express Checkout Payment","USD","79.00","-3.80","75.20","169.17","36B5641355824724Y","nathanmegan@hotmail.com","Fanny Chouinard","","","0.00","0.00","WC-210839",""
"4/9/2022","09:05:40","Asia/Calcutta","Express Checkout Payment","USD","99.00","-4.67","94.33","263.50","53U26242AA456283S","liuziping@gmail.com","Ziping Liu","","","0.00","0.00","WC-210840",""
"4/9/2022","10:27:40","Asia/Calcutta","Express Checkout Payment","USD","99.00","-4.67","94.33","357.83","3GT555809C097350K","liuziping@gmail.com","Ziping Liu","","","0.00","0.00","WC-210841",""
"4/9/2022","15:52:24","Asia/Calcutta","Express Checkout Payment","USD","20.00","-1.23","18.77","376.60","8653101934239542P","manuela27.8@outlook.de","Manuela Walther","","","0.00","0.00","WC-210843",""
"4/9/2022","17:44:13","Asia/Calcutta","Express Checkout Payment","USD","48.00","-2.45","45.55","422.15","5SV81395XK334294B","amanda.nicole.edwards@gmail.com","Amanda Edwards","","","0.00","0.00","WC-210844",""
"4/9/2022","19:42:04","Asia/Calcutta","Express Checkout Payment","USD","40.00","-2.10","37.90","460.05","5A584932AL545314J","clouddentistry@gmail.com","Cloud Dental PLLC","","","0.00","0.00","WC-210845",""
"4/9/2022","22:57:53","Asia/Calcutta","Express Checkout Payment","USD","79.00","-3.80","75.20","535.25","56M16589DP124871G","brosh.rahn@gmail.com","Rahn Brosh","","","0.00","0.00","WC-210846",""
"4/10/2022","01:19:26","Asia/Calcutta","Express Checkout Payment","USD","79.00","-3.80","75.20","610.45","15H28290KA519072M","brosh.rahn@gmail.com","Rahn Brosh","","","0.00","0.00","WC-210847",""
"4/10/2022","05:22:55","Asia/Calcutta","General Currency Conversion","USD","-535.25","0.00","-535.25","75.20","4MC12750XD1522801","","","","","0.00","0.00","","6R067080R59508307"
"4/10/2022","07:08:55","Asia/Calcutta","Express Checkout Payment","USD","20.00","-1.23","18.77","93.97","7PK18725E55809433","liuziping@gmail.com","Ziping Liu","","","0.00","0.00","WC-210848",""
"4/10/2022","07:18:59","Asia/Calcutta","Express Checkout Payment","USD","20.00","-1.23","18.77","112.74","64A765657V143902T","liuziping@gmail.com","Ziping Liu","","","0.00","0.00","WC-210849",""
"4/10/2022","08:51:22","Asia/Calcutta","Express Checkout Payment","USD","20.00","-1.23","18.77","131.51","80851640S55076743","loori@att.net","lori hendrix","","","0.00","0.00","WC-210850",""
"4/10/2022","10:32:49","Asia/Calcutta","Express Checkout Payment","USD","99.00","-4.67","94.33","225.84","4FH51526MH329124A","curtismewhort@gmail.com","Curtis J Mewhort","","","0.00","0.00","WC-210851",""
"4/10/2022","22:09:41","Asia/Calcutta","Express Checkout Payment","USD","20.00","-1.23","18.77","244.61","5A16124204804221W","jacobmunro.omega@gmail.com","Jacob Munro-kagan","","","0.00","0.00","WC-210852",""
"4/11/2022","04:57:03","Asia/Calcutta","General Currency Conversion","USD","-244.61","0.00","-244.61","0.00","0G576618KB673564T","","","","","0.00","0.00","","7WB65015HJ2586513"
"4/11/2022","05:27:55","Asia/Calcutta","Express Checkout Payment","USD","103.00","-4.85","98.15","98.15","74E87991X2218492U","botosanoana89@gmail.com","Oana Botosan","","","0.00","0.00","WC-210853",""
"4/11/2022","05:54:00","Asia/Calcutta","Express Checkout Payment","USD","20.00","-1.23","18.77","116.92","8W822354EF6424045","misselliemadl@gmail.com","Ellie Madl","","","0.00","0.00","WC-210854",""
"4/11/2022","06:18:37","Asia/Calcutta","Cancellation of Hold for Dispute Resolution","USD","46.51","0.00","46.51","163.43","2DF542196K228184N","progreen@sbcglobal.net","Edgar Flavell","","","0.00","0.00","WC-210224","82W613687K236533T"
"4/11/2022","06:18:40","Asia/Calcutta","Chargeback","USD","-49.00","0.00","-49.00","114.43","3KY27618T60334620","","","","","0.00","0.00","WC-210224","82W613687K236533T"
"4/11/2022","06:18:42","Asia/Calcutta","Dispute Fee","USD","-9.44","0.00","-9.44","104.99","0CJ88038FS5543832","","","","","0.00","0.00","WC-210224","82W613687K236533T"
"4/11/2022","07:05:55","Asia/Calcutta","Express Checkout Payment","USD","79.00","-3.80","75.20","180.19","8DD13603F2688182H","lauragueret@gmail.com","Laura Gueret","","","0.00","0.00","WC-210856",""
"4/11/2022","07:10:36","Asia/Calcutta","Express Checkout Payment","USD","49.00","-2.49","46.51","226.70","2PE758054D6133156","peggy.chance@cox.net","Margaret Spina-Chance","","","0.00","0.00","WC-210855",""
"4/11/2022","17:16:27","Asia/Calcutta","Express Checkout Payment","USD","20.00","-1.23","18.77","245.47","5X931082X7448490T","meertcolin@hotmail.com","Colin Meert","","","0.00","0.00","WC-210857",""
"4/11/2022","23:57:45","Asia/Calcutta","Express Checkout Payment","USD","48.00","-2.45","45.55","291.02","5UY40798FW258003S","red.lotus13@gmail.com","lauren k daley","","","0.00","0.00","WC-210858",""
"4/11/2022","23:59:09","Asia/Calcutta","Express Checkout Payment","USD","79.00","-3.80","75.20","366.22","96B3575619595084V","kvonrotz@me.com","Kristy von Rotz","","","0.00","0.00","WC-210859",""
"4/12/2022","03:02:39","Asia/Calcutta","Express Checkout Payment","USD","89.00","-4.24","84.76","450.98","2WD21820TB568133H","jaimeleelee1982@gmail.com","Jaime Johnson","","","0.00","0.00","WC-210862",""
"4/12/2022","03:31:17","Asia/Calcutta","General Currency Conversion","USD","-366.22","0.00","-366.22","84.76","6RG32941YD803561B","","","","","0.00","0.00","","9SR38806L7644923N"
"4/12/2022","07:38:03","Asia/Calcutta","Express Checkout Payment","USD","79.00","-3.80","75.20","159.96","67F62961EW3900630","houstonbeth9@gmail.com","houston allen","","","0.00","0.00","WC-210863",""
"4/12/2022","07:44:10","Asia/Calcutta","Express Checkout Payment","USD","20.00","-1.23","18.77","178.73","1Y713338NE141161M","theduall@gmail.com","KLAUDIJUS KUPSTYS","","","0.00","0.00","WC-210864",""
"4/12/2022","09:03:55","Asia/Calcutta","Express Checkout Payment","USD","20.00","-1.23","18.77","197.50","8UT88366HA759282H","skyeaitken@yahoo.com","Skye Aitken","","","0.00","0.00","WC-210865",""
"4/12/2022","12:12:40","Asia/Calcutta","Express Checkout Payment","USD","48.00","-2.45","45.55","243.05","4GX28198E5744940G","a.wronski@sunet.pl","Artur Wroński","","","0.00","0.00","WC-210867",""
"4/12/2022","20:38:08","Asia/Calcutta","Express Checkout Payment","USD","99.00","-4.67","94.33","337.38","2U876693JB3935059","Tlirad2021@gmail.com","Tatiana Radonsky","","","0.00","0.00","WC-210870",""
"4/13/2022","00:15:51","Asia/Calcutta","Express Checkout Payment","USD","79.00","-3.80","75.20","412.58","2F804453J19222426","sam.barakat@icloud.com","sammy barakat","","","0.00","0.00","WC-210872",""
"4/13/2022","02:50:33","Asia/Calcutta","Express Checkout Payment","USD","79.00","-3.80","75.20","487.78","3E956128V06138312","theonethatgotaway@gmail.com","The One That Got Away LLC","","","0.00","0.00","WC-210873",""
"4/13/2022","04:13:41","Asia/Calcutta","General Currency Conversion","USD","-337.38","0.00","-337.38","150.40","12672077SD840342G","","","","","0.00","0.00","","9TK672311B090804Y"
"4/13/2022","09:06:59","Asia/Calcutta","Express Checkout Payment","USD","79.00","-3.80","75.20","225.60","8BT99045JV5586624","gragnone@gmail.com","Gina Ragnone","","","0.00","0.00","WC-210876",""
"4/13/2022","15:06:45","Asia/Calcutta","Express Checkout Payment","USD","79.00","-3.80","75.20","300.80","0BP19334XN542824G","spazzypink@me.com","Ashley Gutierrez","","","0.00","0.00","WC-210878",""
"4/13/2022","15:36:50","Asia/Calcutta","Express Checkout Payment","USD","49.00","-2.49","46.51","347.31","01G14408RL313110C","jimmy.koala@gmail.com","Jim Signor Johansen","","","0.00","0.00","WC-210879",""
"4/13/2022","19:12:04","Asia/Calcutta","Express Checkout Payment","USD","159.00","-7.29","151.71","499.02","09K63967GF411983B","korrgreen@gmail.com","Kristy Orr","","","0.00","0.00","WC-210880",""
"4/13/2022","19:48:59","Asia/Calcutta","Express Checkout Payment","USD","79.00","-3.80","75.20","574.22","64C79319UE0386302","randi.graf@gmail.com","Randi Graf","","","0.00","0.00","WC-210881",""
"4/13/2022","22:25:48","Asia/Calcutta","Express Checkout Payment","USD","20.00","-1.23","18.77","592.99","3R959658EG674234S","mperold@icloud.com","Melissa Perold","","","0.00","0.00","WC-210884",""
"4/13/2022","23:28:07","Asia/Calcutta","Express Checkout Payment","USD","79.00","-3.80","75.20","668.19","9DM31611YJ2101815","melissafernfulton@hotmail.com","Love Ponies Ltd","","","0.00","0.00","WC-210886",""
"4/13/2022","23:33:56","Asia/Calcutta","Express Checkout Payment","USD","109.00","-5.11","103.89","772.08","5K605877GE339701N","davidlgreen@live.com","David Green","","","0.00","0.00","WC-210887",""
"4/13/2022","23:53:55","Asia/Calcutta","Express Checkout Payment","USD","20.00","-1.23","18.77","790.85","3T536032U0455103J","jtruempy@gmx.ch","Jaime David Trümpy","","","0.00","0.00","WC-210885",""
"4/14/2022","02:00:15","Asia/Calcutta","Express Checkout Payment","USD","79.00","-3.80","75.20","866.05","26158642X8141200R","jhues789@gmail.com","Joan Ann McNeil","","","0.00","0.00","WC-210889",""
"4/14/2022","03:10:55","Asia/Calcutta","Express Checkout Payment","USD","20.00","-1.23","18.77","884.82","2B6765755W922564D","ian_blanchard_2k6@icloud.com","Ian Blanchard","","","0.00","0.00","WC-210890",""
"4/14/2022","04:13:19","Asia/Calcutta","General Currency Conversion","USD","-790.85","0.00","-790.85","93.97","2VM69288SG164330G","","","","","0.00","0.00","","29F29807KS7784331"
"4/14/2022","07:21:39","Asia/Calcutta","Express Checkout Payment","USD","79.00","-3.80","75.20","169.17","5J931984D1865923D","emeraldmedic@gmail.com","Lowenna Prestel","","","0.00","0.00","WC-210891",""
"4/14/2022","09:16:32","Asia/Calcutta","Express Checkout Payment","USD","79.00","-3.80","75.20","244.37","5RY474135X527390M","kathrynh.ipad@gmail.com","KJ Harris & AJ LeBusque","","","0.00","0.00","WC-210892",""
"4/14/2022","11:16:35","Asia/Calcutta","Express Checkout Payment","USD","20.00","-1.23","18.77","263.14","531221840R303861G","kathrynh.ipad@gmail.com","KJ Harris & AJ LeBusque","","","0.00","0.00","WC-210893",""
"4/14/2022","11:18:57","Asia/Calcutta","Express Checkout Payment","USD","20.00","-1.23","18.77","281.91","7V499632W93594040","kathrynh.ipad@gmail.com","KJ Harris & AJ LeBusque","","","0.00","0.00","WC-210894",""
"4/14/2022","12:33:14","Asia/Calcutta","Express Checkout Payment","USD","79.00","-3.80","75.20","357.11","4LN79769HP5061827","jeroen.gillard@gmail.com","Jeroen Gillard","","","0.00","0.00","WC-210897",""
"4/14/2022","14:25:57","Asia/Calcutta","Express Checkout Payment","USD","69.00","-3.36","65.64","422.75","44P30017FH146722W","assistenzaclienti@innovagenome.com","innovagenome S.r.l.","","","0.00","0.00","WC-210898",""
"4/14/2022","21:18:34","Asia/Calcutta","Express Checkout Payment","USD","20.00","-1.23","18.77","441.52","0UE37990P2526945P","asheronstyx@gmail.com","Wendy Whidden-koch","","","0.00","0.00","WC-210899",""
"4/15/2022","00:13:54","Asia/Calcutta","Express Checkout Payment","USD","20.00","-1.23","18.77","460.29","08N93666H9183003V","rejected_doughnut21@hotmail.com","Nicole DiGiacomo","","","0.00","0.00","WC-210900",""
"4/15/2022","00:26:10","Asia/Calcutta","Express Checkout Payment","USD","79.00","-3.80","75.20","535.49","8UF42915R3270531V","juliasharoff@gmail.com","Julia A Sharoff","","","0.00","0.00","WC-210901",""
"4/15/2022","01:08:42","Asia/Calcutta","Cancellation of Hold for Dispute Resolution","USD","75.20","0.00","75.20","610.69","9KA211081C656322A","wrobinson411@gmail.com","Warren Robinson","","","0.00","0.00","WC-210595","1B3560474E974223X"
"4/15/2022","04:10:47","Asia/Calcutta","Express Checkout Payment","USD","89.00","-4.24","84.76","695.45","0GE55248H74080700","hatoole@gmail.com","Hannah Toole","","","0.00","0.00","WC-210902",""
"4/15/2022","05:10:32","Asia/Calcutta","General Currency Conversion","USD","-441.52","0.00","-441.52","253.93","9BB76149A8728813J","","","","","0.00","0.00","","4K81455747213780J"
"4/15/2022","09:37:48","Asia/Calcutta","Express Checkout Payment","USD","79.00","-3.80","75.20","329.13","4L37782820023992N","katherne.watts@outlook.com","Katherne Watts","","","0.00","0.00","WC-210903",""
"4/15/2022","10:49:10","Asia/Calcutta","Express Checkout Payment","USD","127.00","-5.90","121.10","450.23","7HM92861D1340925S","tammylester@hotmail.com","Tammy Lester","","","0.00","0.00","WC-210905",""
"4/15/2022","23:21:05","Asia/Calcutta","Express Checkout Payment","USD","79.00","-3.80","75.20","525.43","1YM08894NG936501Y","levi.jones@gmail.com","Levi Jones","","","0.00","0.00","WC-210907",""
"4/15/2022","23:39:11","Asia/Calcutta","Express Checkout Payment","USD","79.00","-3.80","75.20","600.63","5JG07588W2154784R","annieharleyauthor@outlook.com","Annie Harley, Author","","","0.00","0.00","WC-210908",""
"4/16/2022","04:36:55","Asia/Calcutta","General Currency Conversion","USD","-600.63","0.00","-600.63","0.00","98R442462X918543Y","","","","","0.00","0.00","","9XN99247RR395192B"
"4/16/2022","07:02:17","Asia/Calcutta","Website Payment","USD","303.00","-13.58","289.42","289.42","0H416260DU039783G","simon@mac.web.id","psyc73","","","0.00","0.00","INV2-HTX2-9BW4-DZQN-QZEA",""
"4/16/2022","16:11:50","Asia/Calcutta","Express Checkout Payment","USD","149.00","-6.86","142.14","431.56","5SM27096CW8696455","jame.anderson087@gmail.com","James Anderson","","","0.00","0.00","WC-210911",""
"4/16/2022","21:58:33","Asia/Calcutta","Express Checkout Payment","USD","20.00","-1.23","18.77","450.33","2CP98925HT2564235","majclaviles@verizon.net","Celeste Aviles","","","0.00","0.00","WC-210912",""
"4/16/2022","22:55:20","Asia/Calcutta","Express Checkout Payment","USD","80.00","-3.85","76.15","526.48","9V550180EB792460E","1515boulderrentals@gmail.com","Kimberly Gantz","","","0.00","0.00","WC-210913",""
"4/17/2022","00:29:43","Asia/Calcutta","Express Checkout Payment","USD","99.00","-4.67","94.33","620.81","0P766407RP2559149","aeikum@gmail.com","Aric Eikum","","","0.00","0.00","WC-210914",""
"4/17/2022","01:18:31","Asia/Calcutta","Express Checkout Payment","USD","99.00","-4.67","94.33","715.14","85X37784KU162103V","kierankelly37@gmail.com","Kieran Kelly","","","0.00","0.00","WC-210915",""
"4/17/2022","04:10:46","Asia/Calcutta","General Currency Conversion","USD","-526.48","0.00","-526.48","188.66","1WC42765VN702291E","","","","","0.00","0.00","","6J304496S3790472J"
"4/17/2022","06:17:36","Asia/Calcutta","Express Checkout Payment","USD","95.00","-4.51","90.49","279.15","33968967MW019032U","harpertonyam@gmail.com","Tonya Harper","","","0.00","0.00","WC-210916",""
"4/17/2022","10:00:11","Asia/Calcutta","Express Checkout Payment","USD","20.00","-1.23","18.77","297.92","8AU95390RH741453U","kaylarfleeter@gmail.com","Kayla Fleeter","","","0.00","0.00","WC-210917",""
"4/17/2022","18:20:40","Asia/Calcutta","Express Checkout Payment","USD","20.00","-1.23","18.77","316.69","5BE25345Y1008660D","merve@randomg.com","Merve Tuccar","","","0.00","0.00","WC-210920",""
"4/17/2022","20:18:29","Asia/Calcutta","Express Checkout Payment","USD","20.00","-1.23","18.77","335.46","9GX04639318327922","sbknapik@yahoo.com","Susan Strangia","","","0.00","0.00","WC-210921",""
"4/17/2022","22:05:14","Asia/Calcutta","Express Checkout Payment","USD","79.00","-3.80","75.20","410.66","6NE74502JR051883V","Hooman.0809@yahoo.ca","Hooman Bakhshi","","","0.00","0.00","WC-210922",""
"4/18/2022","03:38:52","Asia/Calcutta","General Currency Conversion","USD","-410.66","0.00","-410.66","0.00","30K49673BJ039471Y","","","","","0.00","0.00","","52C81813VJ3475232"
"4/18/2022","09:13:12","Asia/Calcutta","Express Checkout Payment","USD","20.00","-1.23","18.77","18.77","6YA37003NF4221909","elana.schulman@gmail.com","Elana Schulman","","","0.00","0.00","WC-210923",""
"4/18/2022","14:02:10","Asia/Calcutta","Express Checkout Payment","USD","40.00","-2.10","37.90","56.67","2FH883715H271133T","wilson.amber@y7mail.com","Amber Wilson","","","0.00","0.00","WC-210924",""
"4/18/2022","20:11:29","Asia/Calcutta","Express Checkout Payment","USD","40.00","-2.10","37.90","94.57","4K068649E5744660K","mccainjen@gmail.com","Jennifer McCain","","","0.00","0.00","WC-210927",""
"4/18/2022","22:37:12","Asia/Calcutta","Express Checkout Payment","USD","20.00","-1.23","18.77","113.34","2WN28375J7472920J","victoria.movchan@gmail.com","Marsha Movchan","","","0.00","0.00","WC-210928",""
"4/19/2022","01:48:35","Asia/Calcutta","Express Checkout Payment","USD","79.00","-3.80","75.20","188.54","7JD42789E2123315A","keenanlouiser@gmail.com","Keenan Roberson","","","0.00","0.00","WC-210929",""
"4/19/2022","03:38:13","Asia/Calcutta","General Currency Conversion","USD","-113.34","0.00","-113.34","75.20","20R65755S5774815E","","","","","0.00","0.00","","3XX4759296908371T"
"4/19/2022","04:39:32","Asia/Calcutta","Express Checkout Payment","USD","79.00","-3.80","75.20","150.40","6HF14483AB284732J","jochen.gohlke@gmx.de","Jochen Gohlke","","","0.00","0.00","WC-210931",""
"4/19/2022","05:14:21","Asia/Calcutta","Express Checkout Payment","USD","71.00","-3.46","67.54","217.94","2SM163618Y2497208","sbknapik@yahoo.com","Susan Strangia","","","0.00","0.00","WC-210932",""
"4/19/2022","07:33:49","Asia/Calcutta","Express Checkout Payment","USD","158.00","-7.26","150.74","368.68","1KN79776FN650264E","digitalrehab@pm.me","Jason Scott","","","0.00","0.00","WC-210933",""
"4/19/2022","12:15:44","Asia/Calcutta","Express Checkout Payment","USD","60.00","-2.97","57.03","425.71","8SM12097EN416512D","jessie0o0@yahoo.com","jessica fish","","","0.00","0.00","WC-210936",""
"4/19/2022","15:35:50","Asia/Calcutta","Express Checkout Payment","USD","49.00","-2.49","46.51","472.22","9XJ80243DV073170K","cathykennedy1409@gmail.com","Catherine Kennedy","","","0.00","0.00","WC-210937",""
"4/19/2022","15:50:47","Asia/Calcutta","Express Checkout Payment","USD","20.00","-1.23","18.77","490.99","98S50618M43837830","kurstiegriffin@xtra.co.nz","Kurstie Griffin","","","0.00","0.00","WC-210938",""
"4/19/2022","23:20:04","Asia/Calcutta","Express Checkout Payment","USD","79.00","-3.80","75.20","566.19","1E960872BE3232634","adaptandevolve@gmail.com","Amber Hughes","","","0.00","0.00","WC-210939",""
"4/19/2022","23:48:36","Asia/Calcutta","Express Checkout Payment","USD","20.00","-1.23","18.77","584.96","4WW92628756723826","kelly.demestihas@gmail.com","Kelly Demestihas","","","0.00","0.00","WC-210940",""
"4/20/2022","00:47:15","Asia/Calcutta","Express Checkout Payment","USD","79.00","-3.80","75.20","660.16","4FP62677C9667912W","dqstricklin84@gmail.com","Drew Stricklin","","","0.00","0.00","WC-210941",""
"4/20/2022","04:04:23","Asia/Calcutta","Express Checkout Payment","USD","40.00","-2.10","37.90","698.06","3RB727198H2361448","micheal.krownapple@gmail.com","Micheal Krownapple","","","0.00","0.00","WC-210942",""
"4/20/2022","04:09:17","Asia/Calcutta","Express Checkout Payment","USD","20.00","-1.23","18.77","716.83","87M18836RK8101359","micheal.krownapple@gmail.com","Micheal Krownapple","","","0.00","0.00","WC-210943",""
"4/20/2022","04:38:02","Asia/Calcutta","General Currency Conversion","USD","-584.96","0.00","-584.96","131.87","0W262591NU315084V","","","","","0.00","0.00","","8XB64296WL322664A"
"4/20/2022","09:34:10","Asia/Calcutta","Express Checkout Payment","USD","49.00","-2.49","46.51","178.38","5MN190807X357013L","eleemi1@hotmail.com","Lee Badger","","","0.00","0.00","WC-210947",""
"4/20/2022","18:13:21","Asia/Calcutta","Express Checkout Payment","USD","40.00","-2.10","37.90","216.28","6G48702076278851B","maltrix007@gmail.com","Manuel Luz","","","0.00","0.00","WC-210949",""
"4/20/2022","20:44:25","Asia/Calcutta","Express Checkout Payment","USD","20.00","-1.23","18.77","235.05","8YG0536884008050Y","estes6@gmail.com","Ashley Estes","","","0.00","0.00","WC-210950",""
"4/20/2022","21:19:40","Asia/Calcutta","Express Checkout Payment","USD","48.00","-2.45","45.55","280.60","1BR78256GR108372E","tj.taylor@gmail.com","T J Taylor","","","0.00","0.00","WC-210951",""
"4/20/2022","22:00:26","Asia/Calcutta","Express Checkout Payment","USD","20.00","-1.23","18.77","299.37","4Y445035FP958854T","Astreigha@outlook.com","Astreigha's Twitch Stream","","","0.00","0.00","WC-210952",""
"4/20/2022","23:16:02","Asia/Calcutta","Express Checkout Payment","USD","71.00","-3.46","67.54","366.91","7S072600NY410004N","natalia.lara2@icloud.com","Natalia Lara Coba","","","0.00","0.00","WC-210954",""
"4/1/2022","03:41:38","Asia/Calcutta","General Withdrawal - Bank Account","INR","-41,035.86","0.00","-41,035.86","-41,035.86","0MJ94427HR530523S","","","HDFC BANK","0998","0.00","0.00","",""
"4/1/2022","03:41:38","Asia/Calcutta","General Currency Conversion","INR","41,035.86","0.00","41,035.86","0.00","2ME959865P833013E","","","","","0.00","0.00","","0MJ94427HR530523S"
"4/2/2022","04:55:52","Asia/Calcutta","General Withdrawal - Bank Account","INR","-47,688.66","0.00","-47,688.66","-47,688.66","9XV92709NX120725S","","","HDFC BANK","0998","0.00","0.00","",""
"4/2/2022","04:55:52","Asia/Calcutta","General Currency Conversion","INR","47,688.66","0.00","47,688.66","0.00","9WJ92470S5878173K","","","","","0.00","0.00","","9XV92709NX120725S"
"4/3/2022","05:55:23","Asia/Calcutta","General Withdrawal - Bank Account","INR","-14,493.64","0.00","-14,493.64","-14,493.64","4GJ46020YN1089311","","","HDFC BANK","0998","0.00","0.00","",""
"4/3/2022","05:55:23","Asia/Calcutta","General Currency Conversion","INR","14,493.64","0.00","14,493.64","0.00","0SN56227P83950216","","","","","0.00","0.00","","4GJ46020YN1089311"
"4/4/2022","05:32:54","Asia/Calcutta","General Withdrawal - Bank Account","INR","-34,288.16","0.00","-34,288.16","-34,288.16","5Y303508GT731121P","","","HDFC BANK","0998","0.00","0.00","",""
"4/4/2022","05:32:54","Asia/Calcutta","General Currency Conversion","INR","34,288.16","0.00","34,288.16","0.00","7CH85242TU472804M","","","","","0.00","0.00","","5Y303508GT731121P"
"4/5/2022","04:45:38","Asia/Calcutta","General Withdrawal - Bank Account","INR","-197,476.11","0.00","-197,476.11","-197,476.11","6UC96888BH693540P","","","HDFC BANK","0998","0.00","0.00","",""
"4/5/2022","04:45:38","Asia/Calcutta","General Currency Conversion","INR","197,476.11","0.00","197,476.11","0.00","9RJ07282MM9290036","","","","","0.00","0.00","","6UC96888BH693540P"
"4/6/2022","04:52:13","Asia/Calcutta","General Withdrawal - Bank Account","INR","-4,816.39","0.00","-4,816.39","-4,816.39","6YA335174D789641F","","","HDFC BANK","0998","0.00","0.00","",""
"4/6/2022","04:52:13","Asia/Calcutta","General Currency Conversion","INR","4,816.39","0.00","4,816.39","0.00","4R096120JA371660P","","","","","0.00","0.00","","6YA335174D789641F"
"4/7/2022","05:20:36","Asia/Calcutta","General Withdrawal - Bank Account","INR","-49,526.81","0.00","-49,526.81","-49,526.81","5P985180B67890801","","","HDFC BANK","0998","0.00","0.00","",""
"4/7/2022","05:20:36","Asia/Calcutta","General Currency Conversion","INR","49,526.81","0.00","49,526.81","0.00","7X4190569H121362Y","","","","","0.00","0.00","","5P985180B67890801"
"4/8/2022","06:06:27","Asia/Calcutta","General Withdrawal - Bank Account","INR","-34,117.37","0.00","-34,117.37","-34,117.37","9LA59692BX214481H","","","HDFC BANK","0998","0.00","0.00","",""
"4/8/2022","06:06:27","Asia/Calcutta","General Currency Conversion","INR","34,117.37","0.00","34,117.37","0.00","1A8698273A875942D","","","","","0.00","0.00","","9LA59692BX214481H"
"4/9/2022","04:45:56","Asia/Calcutta","General Withdrawal - Bank Account","INR","-12,345.50","0.00","-12,345.50","-12,345.50","09549731U73177743","","","HDFC BANK","0998","0.00","0.00","",""
"4/9/2022","04:45:56","Asia/Calcutta","General Currency Conversion","INR","12,345.50","0.00","12,345.50","0.00","6BN067388R698162W","","","","","0.00","0.00","","09549731U73177743"
"4/10/2022","05:22:55","Asia/Calcutta","General Withdrawal - Bank Account","INR","-39,088.06","0.00","-39,088.06","-39,088.06","6R067080R59508307","","","HDFC BANK","0998","0.00","0.00","",""
"4/10/2022","05:22:55","Asia/Calcutta","General Currency Conversion","INR","39,088.06","0.00","39,088.06","0.00","9AP93071ST544760G","","","","","0.00","0.00","","6R067080R59508307"
"4/11/2022","04:57:03","Asia/Calcutta","General Withdrawal - Bank Account","INR","-17,863.36","0.00","-17,863.36","-17,863.36","7WB65015HJ2586513","","","HDFC BANK","0998","0.00","0.00","",""
"4/11/2022","04:57:03","Asia/Calcutta","General Currency Conversion","INR","17,863.36","0.00","17,863.36","0.00","0HN92118MR703114R","","","","","0.00","0.00","","7WB65015HJ2586513"
"4/12/2022","03:31:17","Asia/Calcutta","General Withdrawal - Bank Account","INR","-26,744.01","0.00","-26,744.01","-26,744.01","9SR38806L7644923N","","","HDFC BANK","0998","0.00","0.00","",""
"4/12/2022","03:31:17","Asia/Calcutta","General Currency Conversion","INR","26,744.01","0.00","26,744.01","0.00","6AJ78967T67035512","","","","","0.00","0.00","","9SR38806L7644923N"
"4/13/2022","04:13:41","Asia/Calcutta","General Withdrawal - Bank Account","INR","-24,707.15","0.00","-24,707.15","-24,707.15","9TK672311B090804Y","","","HDFC BANK","0998","0.00","0.00","",""
"4/13/2022","04:13:41","Asia/Calcutta","General Currency Conversion","INR","24,707.15","0.00","24,707.15","0.00","3LS29229AR415464H","","","","","0.00","0.00","","9TK672311B090804Y"
"4/14/2022","04:13:19","Asia/Calcutta","General Withdrawal - Bank Account","INR","-57,996.53","0.00","-57,996.53","-57,996.53","29F29807KS7784331","","","HDFC BANK","0998","0.00","0.00","",""
"4/14/2022","04:13:19","Asia/Calcutta","General Currency Conversion","INR","57,996.53","0.00","57,996.53","0.00","4DK64069KM175524N","","","","","0.00","0.00","","29F29807KS7784331"
"4/15/2022","05:10:32","Asia/Calcutta","General Withdrawal - Bank Account","INR","-32,394.70","0.00","-32,394.70","-32,394.70","4K81455747213780J","","","HDFC BANK","0998","0.00","0.00","",""
"4/15/2022","05:10:32","Asia/Calcutta","General Currency Conversion","INR","32,394.70","0.00","32,394.70","0.00","1VC60243D3033852M","","","","","0.00","0.00","","4K81455747213780J"
"4/16/2022","04:36:55","Asia/Calcutta","General Withdrawal - Bank Account","INR","-44,068.49","0.00","-44,068.49","-44,068.49","9XN99247RR395192B","","","HDFC BANK","0998","0.00","0.00","",""
"4/16/2022","04:36:55","Asia/Calcutta","General Currency Conversion","INR","44,068.49","0.00","44,068.49","0.00","8RV19546C4032542M","","","","","0.00","0.00","","9XN99247RR395192B"
"4/17/2022","04:10:46","Asia/Calcutta","General Withdrawal - Bank Account","INR","-38,628.00","0.00","-38,628.00","-38,628.00","6J304496S3790472J","","","HDFC BANK","0998","0.00","0.00","",""
"4/17/2022","04:10:46","Asia/Calcutta","General Currency Conversion","INR","38,628.00","0.00","38,628.00","0.00","6F373740E66821058","","","","","0.00","0.00","","6J304496S3790472J"
"4/18/2022","03:38:52","Asia/Calcutta","General Withdrawal - Bank Account","INR","-30,129.94","0.00","-30,129.94","-30,129.94","52C81813VJ3475232","","","HDFC BANK","0998","0.00","0.00","",""
"4/18/2022","03:38:52","Asia/Calcutta","General Currency Conversion","INR","30,129.94","0.00","30,129.94","0.00","31M329825G457315E","","","","","0.00","0.00","","52C81813VJ3475232"
"4/19/2022","03:38:13","Asia/Calcutta","General Withdrawal - Bank Account","INR","-8,315.91","0.00","-8,315.91","-8,315.91","3XX4759296908371T","","","HDFC BANK","0998","0.00","0.00","",""
"4/19/2022","03:38:13","Asia/Calcutta","General Currency Conversion","INR","8,315.91","0.00","8,315.91","0.00","02S64301C9036341E","","","","","0.00","0.00","","3XX4759296908371T"
"4/20/2022","04:38:02","Asia/Calcutta","General Withdrawal - Bank Account","INR","-43,000.25","0.00","-43,000.25","-43,000.25","8XB64296WL322664A","","","HDFC BANK","0998","0.00","0.00","",""
"4/20/2022","04:38:02","Asia/Calcutta","General Currency Conversion","INR","43,000.25","0.00","43,000.25","0.00","1DJ77154S4618861X","","","","","0.00","0.00","","8XB64296WL322664A"
