"Date","Time","Time Zone","Description","Currency","Gross","Fee","Net","Balance","Transaction ID","From Email Address","Name","Bank Name","Bank account","Postage and Packaging Amount","VAT","Invoice ID","Reference Txn ID"
"4/19/2022","01:48:35","Asia/Calcutta","Express Checkout Payment","USD","79.00","-3.80","75.20","188.54","7JD42789E2123315A","keenanlouiser@gmail.com","Keenan Roberson","","","0.00","0.00","WC-210929",""
"4/19/2022","03:38:13","Asia/Calcutta","General Currency Conversion","USD","-113.34","0.00","-113.34","75.20","20R65755S5774815E","","","","","0.00","0.00","","3XX4759296908371T"
"4/19/2022","04:39:32","Asia/Calcutta","Express Checkout Payment","USD","79.00","-3.80","75.20","150.40","6HF14483AB284732J","jochen.gohlke@gmx.de","Jochen Gohlke","","","0.00","0.00","WC-210931",""
"4/19/2022","05:14:21","Asia/Calcutta","Express Checkout Payment","USD","71.00","-3.46","67.54","217.94","2SM163618Y2497208","sbknapik@yahoo.com","Susan Strangia","","","0.00","0.00","WC-210932",""
"4/19/2022","07:33:49","Asia/Calcutta","Express Checkout Payment","USD","158.00","-7.26","150.74","368.68","1KN79776FN650264E","digitalrehab@pm.me","Jason Scott","","","0.00","0.00","WC-210933",""
"4/19/2022","12:15:44","Asia/Calcutta","Express Checkout Payment","USD","60.00","-2.97","57.03","425.71","8SM12097EN416512D","jessie0o0@yahoo.com","jessica fish","","","0.00","0.00","WC-210936",""
"4/19/2022","15:35:50","Asia/Calcutta","Express Checkout Payment","USD","49.00","-2.49","46.51","472.22","9XJ80243DV073170K","cathykennedy1409@gmail.com","Catherine Kennedy","","","0.00","0.00","WC-210937",""
"4/19/2022","15:50:47","Asia/Calcutta","Express Checkout Payment","USD","20.00","-1.23","18.77","490.99","98S50618M43837830","kurstiegriffin@xtra.co.nz","Kurstie Griffin","","","0.00","0.00","WC-210938",""
"4/19/2022","23:20:04","Asia/Calcutta","Express Checkout Payment","USD","79.00","-3.80","75.20","566.19","1E960872BE3232634","adaptandevolve@gmail.com","Amber Hughes","","","0.00","0.00","WC-210939",""
"4/19/2022","23:48:36","Asia/Calcutta","Express Checkout Payment","USD","20.00","-1.23","18.77","584.96","4WW92628756723826","kelly.demestihas@gmail.com","Kelly Demestihas","","","0.00","0.00","WC-210940",""
"4/20/2022","00:47:15","Asia/Calcutta","Express Checkout Payment","USD","79.00","-3.80","75.20","660.16","4FP62677C9667912W","dqstricklin84@gmail.com","Drew Stricklin","","","0.00","0.00","WC-210941",""
"4/20/2022","04:04:23","Asia/Calcutta","Express Checkout Payment","USD","40.00","-2.10","37.90","698.06","3RB727198H2361448","micheal.krownapple@gmail.com","Micheal Krownapple","","","0.00","0.00","WC-210942",""
"4/20/2022","04:09:17","Asia/Calcutta","Express Checkout Payment","USD","20.00","-1.23","18.77","716.83","87M18836RK8101359","micheal.krownapple@gmail.com","Micheal Krownapple","","","0.00","0.00","WC-210943",""
"4/20/2022","04:38:02","Asia/Calcutta","General Currency Conversion","USD","-584.96","0.00","-584.96","131.87","0W262591NU315084V","","","","","0.00","0.00","","8XB64296WL322664A"
"4/20/2022","09:34:10","Asia/Calcutta","Express Checkout Payment","USD","49.00","-2.49","46.51","178.38","5MN190807X357013L","eleemi1@hotmail.com","Lee Badger","","","0.00","0.00","WC-210947",""
"4/20/2022","18:13:21","Asia/Calcutta","Express Checkout Payment","USD","40.00","-2.10","37.90","216.28","6G48702076278851B","maltrix007@gmail.com","Manuel Luz","","","0.00","0.00","WC-210949",""
"4/20/2022","20:44:25","Asia/Calcutta","Express Checkout Payment","USD","20.00","-1.23","18.77","235.05","8YG0536884008050Y","estes6@gmail.com","Ashley Estes","","","0.00","0.00","WC-210950",""
"4/20/2022","21:19:40","Asia/Calcutta","Express Checkout Payment","USD","48.00","-2.45","45.55","280.60","1BR78256GR108372E","tj.taylor@gmail.com","T J Taylor","","","0.00","0.00","WC-210951",""
"4/20/2022","22:00:26","Asia/Calcutta","Express Checkout Payment","USD","20.00","-1.23","18.77","299.37","4Y445035FP958854T","Astreigha@outlook.com","Astreigha's Twitch Stream","","","0.00","0.00","WC-210952",""
"4/20/2022","23:16:02","Asia/Calcutta","Express Checkout Payment","USD","71.00","-3.46","67.54","366.91","7S072600NY410004N","natalia.lara2@icloud.com","Natalia Lara Coba","","","0.00","0.00","WC-210954",""
"4/21/2022","00:31:21","Asia/Calcutta","Express Checkout Payment","USD","49.00","-2.49","46.51","413.42","9YF652924A0235848","tj.taylor@gmail.com","T J Taylor","","","0.00","0.00","WC-210955",""
"4/21/2022","04:17:42","Asia/Calcutta","General Currency Conversion","USD","-366.91","0.00","-366.91","46.51","2RL53702KR704634M","","","","","0.00","0.00","","33E26694RW710682A"
"4/21/2022","04:24:16","Asia/Calcutta","Express Checkout Payment","USD","79.00","-3.80","75.20","121.71","7UY12009W9403144V","nickpatton47@gmail.com","Nick Patton","","","0.00","0.00","WC-210956",""
"4/21/2022","07:23:29","Asia/Calcutta","Express Checkout Payment","USD","48.00","-2.45","45.55","167.26","48Y24381C4275552X","elisaceefee@gmail.com","Elisa Finos","","","0.00","0.00","WC-210957",""
"4/21/2022","10:04:22","Asia/Calcutta","Express Checkout Payment","USD","89.00","-4.24","84.76","252.02","5RB3285312710160A","elevesque@laurentian.ca","Emily Levesque","","","0.00","0.00","WC-210958",""
"4/21/2022","20:21:07","Asia/Calcutta","Express Checkout Payment","USD","20.00","-1.23","18.77","270.79","2KW44604569060224","marvin@counseling.email","Marvin Bellows","","","0.00","0.00","WC-210960",""
"4/21/2022","23:10:45","Asia/Calcutta","Express Checkout Payment","USD","20.00","-1.23","18.77","289.56","4TJ13143EX005530S","wretchedfamily@gmail.com","christian nelson","","","0.00","0.00","WC-210961",""
"4/22/2022","03:55:30","Asia/Calcutta","Express Checkout Payment","USD","40.00","-2.10","37.90","327.46","7X745176GG9712010","sjgielow@gmail.com","Sarah Gielow","","","0.00","0.00","WC-210962",""
"4/22/2022","04:09:25","Asia/Calcutta","General Currency Conversion","USD","-289.56","0.00","-289.56","37.90","0B122656VF232384A","","","","","0.00","0.00","","88Y08730W38637041"
"4/22/2022","15:30:06","Asia/Calcutta","Express Checkout Payment","USD","20.00","-1.23","18.77","56.67","3ED37767FC274001S","marcehardy927@gmail.com","Marcelina Hardy","","","0.00","0.00","WC-210964",""
"4/22/2022","17:41:31","Asia/Calcutta","Express Checkout Payment","USD","99.00","-4.67","94.33","151.00","5H442910PP906182L","cvnozgur@icloud.com","Civan Ozgur","","","0.00","0.00","WC-210966",""
"4/22/2022","21:46:57","Asia/Calcutta","Express Checkout Payment","USD","49.00","-2.49","46.51","197.51","9854318971779125C","b.dheeraj1988@gmail.com","dheeraj bobbili","","","0.00","0.00","WC-210970",""
"4/22/2022","22:27:31","Asia/Calcutta","Express Checkout Payment","USD","40.00","-2.10","37.90","235.41","49211650D5581353B","melody.taylor@me.com","Melody Taylor","","","0.00","0.00","WC-210971",""
"4/22/2022","22:59:51","Asia/Calcutta","Express Checkout Payment","USD","99.00","-4.67","94.33","329.74","6NY20341346624614","katiekmh@gmail.com","Katie Hake","","","0.00","0.00","WC-210973",""
"4/22/2022","23:00:00","Asia/Calcutta","Express Checkout Payment","USD","40.00","-2.10","37.90","367.64","1Y406401HX9869606","ThomasHerzog@outlook.com","Thomas Herzog","","","0.00","0.00","WC-210972",""
"4/22/2022","23:09:58","Asia/Calcutta","Express Checkout Payment","USD","79.00","-3.80","75.20","442.84","9T9728251C406604D","cobechapman@gmail.com","Cobe Chapman","","","0.00","0.00","WC-210974",""
"4/23/2022","01:15:13","Asia/Calcutta","Express Checkout Payment","USD","20.00","-1.23","18.77","461.61","5KX074705U162342A","britwri@gmail.com","Bri Wright","","","0.00","0.00","WC-210976",""
"4/23/2022","02:58:56","Asia/Calcutta","Express Checkout Payment","USD","20.00","-1.23","18.77","480.38","95024764K2501400H","veneziaharrison6@gmail.com","Venezia Harrison","","","0.00","0.00","WC-210977",""
"4/23/2022","03:31:25","Asia/Calcutta","General Currency Conversion","USD","-442.84","0.00","-442.84","37.54","9WG74187HA790632F","","","","","0.00","0.00","","5U639896C72257030"
"4/23/2022","06:27:48","Asia/Calcutta","Express Checkout Payment","USD","20.00","-1.23","18.77","56.31","2V02561296334834P","kemblen@gmail.com","Katie Emblen","","","0.00","0.00","WC-210978",""
"4/23/2022","07:57:51","Asia/Calcutta","Express Checkout Payment","USD","40.00","-2.10","37.90","94.21","2CD82217K56044734","erikamelahn@gmail.com","Erika Melahn","","","0.00","0.00","WC-210979",""
"4/23/2022","15:34:14","Asia/Calcutta","Express Checkout Payment","USD","99.00","-4.67","94.33","188.54","0TD424432B208313H","khorolskiysergey@gmail.com","Сергей Хорольский","","","0.00","0.00","WC-210980",""
"4/23/2022","20:49:55","Asia/Calcutta","Express Checkout Payment","USD","79.00","-3.80","75.20","263.74","6ET99774X4546242F","levi.jones@gmail.com","Levi Jones","","","0.00","0.00","WC-210981",""
"4/23/2022","21:10:01","Asia/Calcutta","Express Checkout Payment","USD","99.00","-4.67","94.33","358.07","0M3452838N808443P","doug.paulley@kingqueen.org.uk","Douglas Paulley","","","0.00","0.00","WC-210982",""
"4/23/2022","21:40:54","Asia/Calcutta","Express Checkout Payment","USD","71.00","-3.46","67.54","425.61","3M891649A4470913C","hannahnu2001@gmail.com","Hannah Nürnberg","","","0.00","0.00","WC-210983",""
"4/24/2022","00:17:46","Asia/Calcutta","Express Checkout Payment","USD","79.00","-3.80","75.20","500.81","1DN57150HY654323F","tepfe005@gmail.com","Rachel Tepfer","","","0.00","0.00","WC-210984",""
"4/24/2022","01:31:02","Asia/Calcutta","Express Checkout Payment","USD","40.00","-2.10","37.90","538.71","21C758465H602072X","artes.haderi@gmail.com","Artes Haderi","","","0.00","0.00","WC-210985",""
"4/24/2022","02:57:48","Asia/Calcutta","Express Checkout Payment","USD","40.00","-2.10","37.90","576.61","76A160211K493201N","artes.haderi@gmail.com","Artes Haderi","","","0.00","0.00","WC-210986",""
"4/24/2022","06:19:28","Asia/Calcutta","Express Checkout Payment","USD","79.00","-3.80","75.20","651.81","3YF17842VY764604C","artes.haderi@gmail.com","Artes Haderi","","","0.00","0.00","WC-210987",""
"4/24/2022","07:16:34","Asia/Calcutta","Express Checkout Payment","USD","20.00","-1.23","18.77","670.58","9A898910CN5109335","paulthomasgreenhalgh@gmail.com","Paul Greenhalgh","","","0.00","0.00","WC-210989",""
"4/24/2022","07:19:02","Asia/Calcutta","Express Checkout Payment","USD","95.00","-4.51","90.49","761.07","8EK791882L703512T","philmikebob@gmail.com","Mike Cichocki","","","0.00","0.00","WC-210990",""
"4/24/2022","08:52:47","Asia/Calcutta","General Currency Conversion","USD","-425.61","0.00","-425.61","335.46","76X950954P604900E","","","","","0.00","0.00","","1AB28901754803602"
"4/24/2022","19:18:10","Asia/Calcutta","Express Checkout Payment","USD","49.00","-2.49","46.51","381.97","86U78066GN352901M","tehgideon@gmail.com","Gideon Newmark","","","0.00","0.00","WC-210995",""
"4/24/2022","21:41:54","Asia/Calcutta","Express Checkout Payment","USD","79.00","-3.80","75.20","457.17","73E95675GV090921W","rwilson775@me.com","Robert Wilson","","","0.00","0.00","WC-210996",""
"4/24/2022","22:53:13","Asia/Calcutta","Express Checkout Payment","USD","20.00","-1.23","18.77","475.94","0NK22569GA7977138","slambert@rlmdes.com","Sandra Lambert","","","0.00","0.00","WC-210997",""
"4/24/2022","23:59:34","Asia/Calcutta","Hold on Balance for Dispute Investigation","USD","-75.20","0.00","-75.20","400.74","26C51314J3115924W","nathanbradin@yahoo.com","Nathan Klein","","","0.00","0.00","WC-210786","3LX64856R9584781U"
"4/25/2022","01:50:02","Asia/Calcutta","Express Checkout Payment","USD","20.00","-1.23","18.77","419.51","4WT87891LG341905M","slambert@rlmdes.com","Sandra Lambert","","","0.00","0.00","WC-210998",""
"4/25/2022","02:52:17","Asia/Calcutta","Express Checkout Payment","USD","40.00","-2.10","37.90","457.41","6YJ44055996903912","marissabower66@gmail.com","Marissa Bower","","","0.00","0.00","WC-210999",""
"4/25/2022","04:05:24","Asia/Calcutta","Express Checkout Payment","USD","99.00","-4.67","94.33","551.74","4TN563860Y6719135","hough@telus.net","John Hough","","","0.00","0.00","WC-211000",""
"4/25/2022","07:21:40","Asia/Calcutta","Express Checkout Payment","USD","79.00","-3.80","75.20","626.94","2XU62004XW602774R","meredith.chehardy@gmail.com","Meredith Chehardy","","","0.00","0.00","WC-211001",""
"4/25/2022","09:36:42","Asia/Calcutta","Express Checkout Payment","USD","79.00","-3.80","75.20","702.14","4D8388461T7429912","tpupazzoni@iinet.net.au","Kids Nature Club","","","0.00","0.00","WC-211002",""
"4/25/2022","12:23:00","Asia/Calcutta","Payment Refund","USD","-69.00","3.01","-65.99","636.15","7DF93222TD0667608","assistenzaclienti@innovagenome.com","innovagenome S.r.l.","","","0.00","0.00","WC-210898","44P30017FH146722W"
"4/25/2022","13:37:32","Asia/Calcutta","Express Checkout Payment","USD","20.00","-1.23","18.77","654.92","53261014YP7844508","doug.paulley@kingqueen.org.uk","Douglas Paulley","","","0.00","0.00","WC-211006",""
"4/25/2022","21:34:22","Asia/Calcutta","Express Checkout Payment","USD","79.00","-3.80","75.20","730.12","81B09723GT4706426","xburntoashesx@netscape.net","Ashley Salisbury","","","0.00","0.00","WC-211009",""
"4/25/2022","22:12:56","Asia/Calcutta","Express Checkout Payment","USD","40.00","-2.10","37.90","768.02","7TJ29584FP5180916","info@verelst-genetics.com","VERELST Research & Development SL","","","0.00","0.00","WC-211010",""
"4/25/2022","22:14:14","Asia/Calcutta","Express Checkout Payment","USD","100.00","-4.72","95.28","863.30","6K183858G64495743","cartwright.elizabeth@gmail.com","Elizabeth Cartwright","","","0.00","0.00","WC-211011",""
"4/25/2022","22:55:05","Asia/Calcutta","Express Checkout Payment","USD","158.00","-7.26","150.74","1,014.04","0AN9760184364091D","hugombegglo@protonmail.com","Hugo Begglo","","","0.00","0.00","WC-211012",""
"4/26/2022","07:17:54","Asia/Calcutta","Express Checkout Payment","USD","79.00","-3.80","75.20","1,089.24","57M71919C2332835L","Jeremiahkleckner@gmail.com","Jeremiah Kleckner","","","0.00","0.00","WC-211018",""
"4/26/2022","13:22:42","Asia/Calcutta","Express Checkout Payment","USD","99.00","-4.67","94.33","1,183.57","2L793918HG396682H","bachmaxi@yahoo.de","Maxi Bach","","","0.00","0.00","WC-211019",""
"4/19/2022","03:38:13","Asia/Calcutta","General Withdrawal - Bank Account","INR","-8,315.91","0.00","-8,315.91","-8,315.91","3XX4759296908371T","","","HDFC BANK","0998","0.00","0.00","",""
"4/19/2022","03:38:13","Asia/Calcutta","General Currency Conversion","INR","8,315.91","0.00","8,315.91","0.00","02S64301C9036341E","","","","","0.00","0.00","","3XX4759296908371T"
"4/20/2022","04:38:02","Asia/Calcutta","General Withdrawal - Bank Account","INR","-43,000.25","0.00","-43,000.25","-43,000.25","8XB64296WL322664A","","","HDFC BANK","0998","0.00","0.00","",""
"4/20/2022","04:38:02","Asia/Calcutta","General Currency Conversion","INR","43,000.25","0.00","43,000.25","0.00","1DJ77154S4618861X","","","","","0.00","0.00","","8XB64296WL322664A"
"4/21/2022","04:17:42","Asia/Calcutta","General Withdrawal - Bank Account","INR","-26,946.08","0.00","-26,946.08","-26,946.08","33E26694RW710682A","","","HDFC BANK","0998","0.00","0.00","",""
"4/21/2022","04:17:42","Asia/Calcutta","General Currency Conversion","INR","26,946.08","0.00","26,946.08","0.00","6HM69239KA422601K","","","","","0.00","0.00","","33E26694RW710682A"
"4/22/2022","04:09:25","Asia/Calcutta","General Withdrawal - Bank Account","INR","-21,246.17","0.00","-21,246.17","-21,246.17","88Y08730W38637041","","","HDFC BANK","0998","0.00","0.00","",""
"4/22/2022","04:09:25","Asia/Calcutta","General Currency Conversion","INR","21,246.17","0.00","21,246.17","0.00","93A50937V7806844S","","","","","0.00","0.00","","88Y08730W38637041"
"4/23/2022","03:31:25","Asia/Calcutta","General Withdrawal - Bank Account","INR","-32,492.61","0.00","-32,492.61","-32,492.61","5U639896C72257030","","","HDFC BANK","0998","0.00","0.00","",""
"4/23/2022","03:31:25","Asia/Calcutta","General Currency Conversion","INR","32,492.61","0.00","32,492.61","0.00","30099484T4016340D","","","","","0.00","0.00","","5U639896C72257030"
"4/24/2022","08:52:47","Asia/Calcutta","General Withdrawal - Bank Account","INR","-31,282.32","0.00","-31,282.32","-31,282.32","1AB28901754803602","","","HDFC BANK","0998","0.00","0.00","",""
"4/24/2022","08:52:47","Asia/Calcutta","General Currency Conversion","INR","31,282.32","0.00","31,282.32","0.00","8B555474PK646603G","","","","","0.00","0.00","","1AB28901754803602"
