Date,Time,Time Zone,Description,Currency,Gross,Fee,Net,Balance,Transaction ID,From Email Address,Name,Bank Name,Bank account,Postage and Packaging Amount,VAT,Invoice ID,Reference Txn ID
02/01/2022,00:40:55,Asia/Calcutta,Express Checkout Payment,USD,99,-4.67,94.33,828.99,12622379LP147533X,ada.p.luna@gmail.com,Andrea Luna,,,0,0,WC-210128,
02/01/2022,01:32:25,Asia/Calcutta,Express Checkout Payment,USD,40,-2.1,37.9,866.89,5XH13998XL711794D,epaine228@gmail.com,Elizabeth Paine,,,0,0,WC-210129,
02/01/2022,03:34:17,Asia/Calcutta,Express Checkout Payment,USD,20,-1.23,18.77,885.66,9G422398T20107411,epaine228@gmail.com,Elizabeth Paine,,,0,0,WC-210130,
02/01/2022,03:53:43,Asia/Calcutta,Express Checkout Payment,USD,10,-0.79,9.21,894.87,977076684D2112902,epaine228@gmail.com,Elizabeth Paine,,,0,0,WC-210131,
02/01/2022,05:24:01,Asia/Calcutta,General Currency Conversion,USD,-734.66,0,-734.66,160.21,4UH39226H75524522,,,,,0,0,,4B401167204019639
02/01/2022,06:41:00,Asia/Calcutta,Express Checkout Payment,USD,20,-1.23,18.77,178.98,4SH20297LY3673104,mikenemilie@gmail.com,mike ellenberg,,,0,0,WC-210132,
02/01/2022,08:56:09,Asia/Calcutta,Express Checkout Payment,USD,79,-3.8,75.2,254.18,4MY48879NX233545S,kcotter5700@gmail.com,K Cotter,,,0,0,WC-210133,
02/01/2022,09:07:25,Asia/Calcutta,Express Checkout Payment,USD,20,-1.23,18.77,272.95,6BW370677E890882X,kcotter5700@gmail.com,K Cotter,,,0,0,WC-210134,
02/01/2022,14:23:39,Asia/Calcutta,Express Checkout Payment,USD,69,-3.36,65.64,338.59,00P55318X1484373Y,mahir@nordicem.se,Mahir Vazda,,,0,0,WC-210135,
02/01/2022,14:33:31,Asia/Calcutta,Express Checkout Payment,USD,20,-1.23,18.77,357.36,7RA77117X7468661R,jelske@dechinezen.be,Jelske Antonissen,,,0,0,WC-210137,
02/01/2022,14:38:01,Asia/Calcutta,Express Checkout Payment,USD,20,-1.23,18.77,376.13,37U80549J1377212W,jelske@dechinezen.be,Jelske Antonissen,,,0,0,WC-210138,
02/01/2022,20:41:33,Asia/Calcutta,Express Checkout Payment,USD,79,-3.8,75.2,451.33,5AA10709J6963821R,ru_anthrogirl@yahoo.com,Hansen's Homemade,,,0,0,WC-210139,
02/01/2022,20:53:43,Asia/Calcutta,Payment Refund,USD,-87,3.8,-83.2,368.13,7RU41542XN5776836,selina@dennis.net.au,Selina Dennis,,,0,0,WC-210094,7UW103230F7200009
02/02/2022,00:15:11,Asia/Calcutta,Express Checkout Payment,USD,20,-1.23,18.77,386.9,9R147002XD530871J,mikenemilie@gmail.com,mike ellenberg,,,0,0,WC-210141,
02/02/2022,04:53:04,Asia/Calcutta,Express Checkout Payment,USD,79,-3.8,75.2,462.1,7RK9814417567284N,hectorfp3000@gmail.com,Hector F Perez Perez,,,0,0,WC-210142,
02/02/2022,05:07:54,Asia/Calcutta,Express Checkout Payment,USD,20,-1.23,18.77,480.87,5GK68412A9518570M,toysie01@yahoo.co.uk,Toyah Manning,,,0,0,WC-210143,
02/02/2022,05:21:27,Asia/Calcutta,General Currency Conversion,USD,-368.13,0,-368.13,112.74,1NE59596439759606,,,,,0,0,,0CG96634N2595724L
02/02/2022,05:47:45,Asia/Calcutta,Express Checkout Payment,USD,20,-1.23,18.77,131.51,1Y408678SK7718233,ilovegreentea11218@gmail.com,Anowarul Azim,,,0,0,WC-210144,
02/02/2022,10:59:57,Asia/Calcutta,Payment Refund,USD,-79,3.45,-75.55,55.96,0FC266430J435972W,rob2010@new.rr.com,Robert Leach,,,0,0,WC-210071,2NP10729DU359783W
02/02/2022,12:25:19,Asia/Calcutta,Express Checkout Payment,USD,20,-1.23,18.77,74.73,6AV81537BG969791S,me@parisfragkoulis.com,Paris Fragkoulis,,,0,0,WC-210147,
02/02/2022,22:00:47,Asia/Calcutta,Express Checkout Payment,USD,20,-1.23,18.77,93.5,5G983519RL5090026,cato896@yahoo.com,Cathryn Stockstad,,,0,0,WC-210150,
02/02/2022,22:07:03,Asia/Calcutta,Express Checkout Payment,USD,40,-2.1,37.9,131.4,14905550T4467021R,acmckinney815@gmail.com,Alyssa McKinney,,,0,0,WC-210151,
02/03/2022,04:16:42,Asia/Calcutta,General Currency Conversion,USD,-131.4,0,-131.4,0,5KJ9397311433415S,,,,,0,0,,1MX46872B71751910
02/03/2022,08:18:22,Asia/Calcutta,Express Checkout Payment,USD,20,-1.23,18.77,18.77,52813060RX491231X,dancechica@gmail.com,Alyssa Alden,,,0,0,WC-210152,
02/03/2022,08:56:23,Asia/Calcutta,Express Checkout Payment,USD,20,-1.23,18.77,37.54,2VS05017LT058625V,andrea@TeaAddictedGeek.com,TeaAddictedGeek.com,,,0,0,WC-210153,
02/03/2022,10:31:57,Asia/Calcutta,Express Checkout Payment,USD,48,-2.45,45.55,83.09,55Y536003C309914Y,ruizhou@umich.edu,Rui Zhou,,,0,0,WC-210154,
02/03/2022,20:54:41,Asia/Calcutta,Express Checkout Payment,USD,99,-4.67,94.33,177.42,4SE11783FR529130K,leesolomon@chartertn.net,Lee Solomon,,,0,0,WC-210157,
02/04/2022,01:49:06,Asia/Calcutta,Hold on Balance for Dispute Investigation,USD,-75.2,0,-75.2,102.22,32E36921LF062972A,hectorfp3000@gmail.com,Hector F Perez Perez,,,0,0,WC-210142,7RK9814417567284N
02/04/2022,01:55:32,Asia/Calcutta,Cancellation of Hold for Dispute Resolution,USD,94.33,0,94.33,196.55,14P30641A0899124E,afowler1983@live.com,Amanda Fowler,,,0,0,WC-209941,0GC3505333200612C
02/04/2022,01:55:34,Asia/Calcutta,Chargeback,USD,-99,0,-99,97.55,8FL14614PP3683917,,,,,0,0,WC-209941,0GC3505333200612C
02/04/2022,01:55:35,Asia/Calcutta,Dispute Fee,USD,-9.44,0,-9.44,88.11,6RH13400NW253015T,,,,,0,0,WC-209941,0GC3505333200612C
02/04/2022,04:29:40,Asia/Calcutta,General Currency Conversion,USD,-88.11,0,-88.11,0,41X70302H4320002W,,,,,0,0,,3T802530707020228
02/04/2022,10:20:56,Asia/Calcutta,Express Checkout Payment,USD,20,-1.23,18.77,18.77,4AK68863RS988543H,loori@att.net,lori hendrix,,,0,0,WC-210158,
02/04/2022,22:41:38,Asia/Calcutta,Express Checkout Payment,USD,10,-0.79,9.21,27.98,72U70677P82187105,joe.stawicki@gmail.com,Joseph Stawicki,,,0,0,WC-210160,
02/05/2022,01:01:29,Asia/Calcutta,Express Checkout Payment,USD,99,-4.67,94.33,122.31,5ND43646T70526915,marymcc@me.com,Mary McGregor-Clewes,,,0,0,WC-210161,
02/05/2022,01:56:37,Asia/Calcutta,Express Checkout Payment,USD,69,-3.36,65.64,187.95,1N94110716828311G,mahir@nordicem.se,Mahir Vazda,,,0,0,WC-210162,
02/05/2022,02:14:25,Asia/Calcutta,Express Checkout Payment,USD,79,-3.8,75.2,263.15,00U31309GM055860V,andrewmerz68@gmail.com,Andrew Merz,,,0,0,WC-210163,
02/05/2022,03:10:43,Asia/Calcutta,Express Checkout Payment,USD,40,-2.1,37.9,301.05,7WW57852WL3039532,janetfoxrice@gmail.com,Janet Rice,,,0,0,WC-210164,
02/05/2022,05:30:08,Asia/Calcutta,General Currency Conversion,USD,-27.98,0,-27.98,273.07,1VY47962YT120980L,,,,,0,0,,7K046954TR0880429
02/05/2022,10:59:23,Asia/Calcutta,Express Checkout Payment,USD,79,-3.8,75.2,348.27,11586860P85446815,iona.jones@xtra.co.nz,I E Jones,,,0,0,WC-210165,
02/05/2022,18:29:39,Asia/Calcutta,Express Checkout Payment,USD,20,-1.23,18.77,367.04,32L253549W4479829,carter.x.pratt@gmail.com,David Carter,,,0,0,WC-210167,
02/06/2022,02:12:00,Asia/Calcutta,Express Checkout Payment,USD,40,-2.1,37.9,404.94,0F5952246F621333W,af15157@yahoo.com,Amy Feeney,,,0,0,WC-210168,
02/06/2022,04:54:17,Asia/Calcutta,General Currency Conversion,USD,-367.04,0,-367.04,37.9,88S01706UC111933F,,,,,0,0,,0HJ09345RV457930T
02/06/2022,05:34:57,Asia/Calcutta,Express Checkout Payment,USD,49,-2.49,46.51,84.41,9LK02030PD231084A,tiffanyvansteyn@yahoo.com,Tiffany Van steyn Hampton,,,0,0,WC-210169,
02/06/2022,08:57:32,Asia/Calcutta,Express Checkout Payment,USD,40,-2.1,37.9,122.31,4J831750VK8101846,dthiele89@gmail.com,Danelle Thiele,,,0,0,WC-210170,
02/06/2022,10:16:08,Asia/Calcutta,Express Checkout Payment,USD,79,-3.8,75.2,197.51,15975853EM574580M,hiddencloversphoto@gmail.com,hidden clovers photo,,,0,0,WC-210171,
02/06/2022,22:26:57,Asia/Calcutta,Website Payment,USD,"2,625.00",-114.97,"2,510.03","2,707.54",4PK526944K8048738,support@helixandgene.com,Daniel Benilevi,,,0,0,INV2-VLJ8-VB3C-8CDL-YNLW,
02/06/2022,23:32:04,Asia/Calcutta,Express Checkout Payment,USD,79,-3.8,75.2,"2,782.74",31A18517F89813030,mixuga@yahoo.com,North Star Health,,,0,0,WC-210173,
02/07/2022,02:03:49,Asia/Calcutta,Express Checkout Payment,USD,99,-4.67,94.33,"2,877.07",7XR09575RE536591X,dangerousamusements@gmail.com,Rosa Scarpelli,,,0,0,WC-210176,
02/07/2022,02:38:49,Asia/Calcutta,Express Checkout Payment,USD,79,-3.8,75.2,"2,952.27",4W015253RS994960K,shabca@gmail.com,Susan Andrews,,,0,0,WC-210177,
02/07/2022,03:40:05,Asia/Calcutta,Express Checkout Payment,USD,119,-5.55,113.45,"3,065.72",6GY96956E33363124,ariana316flores@gmail.com,Ariana Flores,,,0,0,WC-210179,
02/07/2022,04:51:32,Asia/Calcutta,General Currency Conversion,USD,"-2,782.74",0,"-2,782.74",282.98,5R189013LU3440440,,,,,0,0,,4S683251RK199920T
02/07/2022,06:08:08,Asia/Calcutta,Express Checkout Payment,USD,49,-2.49,46.51,329.49,6R7238401F640335C,jessica.d.fraser@gmail.com,Jessica Jessica,,,0,0,WC-210180,
02/07/2022,08:37:22,Asia/Calcutta,Express Checkout Payment,USD,79,-3.8,75.2,404.69,0TY485714J004413U,missashleigh84@hotmail.ca,Ashleigh Bowen,,,0,0,WC-210181,
02/07/2022,10:45:54,Asia/Calcutta,Express Checkout Payment,USD,20,-1.23,18.77,423.46,7A060141UP738644F,lori1731@yahoo.com,lori hendrix,,,0,0,WC-210184,
02/07/2022,14:02:31,Asia/Calcutta,Website Payment,USD,252,-11.35,240.65,664.11,3RP49793U53447904,simon@mac.web.id,psyc73,,,0,0,INV2-UCDQ-HK8M-SFDM-FTAN,
02/07/2022,22:49:28,Asia/Calcutta,Express Checkout Payment,USD,20,-1.23,18.77,682.88,9LX6877060807720B,dekostick@gmail.com,Diane Kostick,,,0,0,WC-210185,
02/07/2022,22:56:14,Asia/Calcutta,Express Checkout Payment,USD,79,-3.8,75.2,758.08,85M2818615421812T,davidqkelly@gmail.com,David Kelly,,,0,0,WC-210186,
02/08/2022,00:21:47,Asia/Calcutta,Express Checkout Payment,USD,64,-3.15,60.85,818.93,4N72146412461943K,xorhia@gmail.com,Rhiannon unger,,,0,0,WC-210187,
02/08/2022,01:23:33,Asia/Calcutta,Express Checkout Payment,USD,20,-1.23,18.77,837.7,1WK72212AA5482256,lieuwe.roonder@gmail.com,Lieuwe Roonder,,,0,0,WC-210188,
02/08/2022,03:15:19,Asia/Calcutta,Express Checkout Payment,USD,79,-3.8,75.2,912.9,81N27850A6696335R,reinax3@hotmail.com,Alejandra Perez,,,0,0,WC-210189,
02/08/2022,04:32:28,Asia/Calcutta,General Currency Conversion,USD,-758.08,0,-758.08,154.82,80F22582YY827841Y,,,,,0,0,,3PC37730B22359424
02/08/2022,05:28:25,Asia/Calcutta,Express Checkout Payment,USD,99,-4.67,94.33,249.15,49G73160BB171494J,us@calinsirian.com,Calinux Inc.,,,0,0,WC-210190,
02/08/2022,07:02:58,Asia/Calcutta,Express Checkout Payment,USD,20,-1.23,18.77,267.92,0DL40073SF7873540,jennifercranemft@yahoo.com,"Jennifer Crane, LMFT",,,0,0,WC-210193,
02/08/2022,10:38:51,Asia/Calcutta,Payment Refund,USD,-79,3.45,-75.55,192.37,7XW52038VC3292603,hectorfp3000@gmail.com,Hector F Perez Perez,,,0,0,WC-210142,7RK9814417567284N
02/08/2022,10:38:51,Asia/Calcutta,Cancellation of Hold for Dispute Resolution,USD,75.2,0,75.2,267.57,32E36921LF062972A,hectorfp3000@gmail.com,Hector F Perez Perez,,,0,0,WC-210142,7RK9814417567284N
02/08/2022,20:14:11,Asia/Calcutta,Cancellation of Hold for Dispute Resolution,USD,283.68,0,283.68,551.25,0GH72755WM5511705,jbess4344@gmail.com,Jamie Beckman,,,0,0,WC-209980,9GW08717HY778230M
02/08/2022,22:45:18,Asia/Calcutta,Express Checkout Payment,USD,79,-3.8,75.2,626.45,1UW872979K997350M,ashyswimmer9@yahoo.com,Ash Doorley,,,0,0,WC-210197,
02/08/2022,23:28:54,Asia/Calcutta,Express Checkout Payment,USD,40,-2.1,37.9,664.35,4BN45833UG8779715,astoriabound@gmail.com,Erin Malins,,,0,0,WC-210198,
02/09/2022,00:52:05,Asia/Calcutta,Express Checkout Payment,USD,40,-2.1,37.9,702.25,1KR04376TX5905128,astoriabound@gmail.com,Erin Malins,,,0,0,WC-210199,
02/09/2022,02:30:39,Asia/Calcutta,Express Checkout Payment,USD,99,-4.67,94.33,796.58,1742038397621633T,marsha.peacock@yahoo.ca,Marsha Peacock,,,0,0,WC-210200,
02/09/2022,03:26:36,Asia/Calcutta,Express Checkout Payment,USD,89,-4.24,84.76,881.34,3YC348019D1485127,ivyxllc@gmail.com,"Ivyx, LLC",,,0,0,WC-210195,
02/09/2022,04:01:32,Asia/Calcutta,General Currency Conversion,USD,-664.35,0,-664.35,216.99,90307099J6736590X,,,,,0,0,,2R675814Y1400180G
02/09/2022,22:44:12,Asia/Calcutta,Express Checkout Payment,USD,80,-3.85,76.15,293.14,1EA59743K51083456,info@verelst-genetics.com,VERELST Research & Development SL,,,0,0,WC-210204,
02/09/2022,23:57:10,Asia/Calcutta,Express Checkout Payment,USD,49,-2.49,46.51,339.65,7LE45900319506545,kts_23@yahoo.com,Katarina Cody,,,0,0,WC-210205,
02/10/2022,00:26:48,Asia/Calcutta,Express Checkout Payment,USD,48,-2.45,45.55,385.2,6J129551PC478462T,oliviabiancardi@hotmail.co.uk,Blog Donations,,,0,0,WC-210206,
02/10/2022,03:35:14,Asia/Calcutta,Express Checkout Payment,USD,99,-4.67,94.33,479.53,72955014LL762102T,beckywertz@gmail.com,Rebbeca Wertz,,,0,0,WC-210207,
02/10/2022,04:08:51,Asia/Calcutta,General Currency Conversion,USD,-339.65,0,-339.65,139.88,4TT66617917376358,,,,,0,0,,1N240101KX649760U
02/10/2022,09:15:07,Asia/Calcutta,Express Checkout Payment,USD,20,-1.23,18.77,158.65,8G985245V9365902J,klm.22713@gmail.com,kelsey mounier,,,0,0,WC-210208,
02/10/2022,09:36:58,Asia/Calcutta,Express Checkout Payment,USD,111,-5.2,105.8,264.45,84C72635KT847151H,jessclarke@live.ca,Jessica Pape,,,0,0,WC-210209,
02/10/2022,13:09:18,Asia/Calcutta,Express Checkout Payment,USD,79,-3.8,75.2,339.65,6F568610W3098573C,dancechica@gmail.com,Alyssa Alden,,,0,0,WC-210210,
02/11/2022,00:10:13,Asia/Calcutta,Express Checkout Payment,USD,40,-2.1,37.9,377.55,56H28436J3626435E,victorialcoleman@btinternet.com,Victoria Coleman,,,0,0,WC-210212,
02/11/2022,05:11:06,Asia/Calcutta,General Currency Conversion,USD,-339.65,0,-339.65,37.9,1X1464286R0358942,,,,,0,0,,6LA61770S3474545B
02/11/2022,06:50:42,Asia/Calcutta,Express Checkout Payment,USD,20,-1.23,18.77,56.67,3D09897165748830N,staciekirwin@yahoo.com,Stacie Kirwin,,,0,0,WC-210213,
02/11/2022,08:57:03,Asia/Calcutta,Express Checkout Payment,USD,111,-5.2,105.8,162.47,60D314583X791745W,carrienicora@me.com,Carrie Nicora,,,0,0,WC-210214,
02/11/2022,14:21:12,Asia/Calcutta,Express Checkout Payment,USD,49,-2.49,46.51,208.98,16A2034724687671E,oliviabiancardi@hotmail.co.uk,Blog Donations,,,0,0,WC-210217,
02/11/2022,20:54:58,Asia/Calcutta,Express Checkout Payment,USD,79,-3.8,75.2,284.18,8K3462738U991514D,alexandre.mariel@gmail.com,Mariel Alexandre,,,0,0,WC-210218,
02/11/2022,22:51:17,Asia/Calcutta,Express Checkout Payment,USD,99,-4.67,94.33,378.51,1A405141938041326,themosey@gmail.com,Sarah Brown,,,0,0,WC-210219,
02/12/2022,00:03:45,Asia/Calcutta,Express Checkout Payment,USD,40,-2.1,37.9,416.41,27654611RJ3505522,hbbrewton@aol.com,Heidi Brewton,,,0,0,WC-210220,
02/12/2022,00:37:53,Asia/Calcutta,Express Checkout Payment,USD,129,-5.98,123.02,539.43,8L790583UY355211A,pschmidt422@outlook.com,Philip Schmidt,,,0,0,WC-210221,
02/12/2022,02:40:29,Asia/Calcutta,Express Checkout Payment,USD,79,-3.8,75.2,614.63,2E202538N58497749,integrativedietitian@gmail.com,Samantha Rogers,,,0,0,WC-210222,
02/12/2022,04:56:36,Asia/Calcutta,General Currency Conversion,USD,-378.51,0,-378.51,236.12,4FM820847S110950K,,,,,0,0,,5G954350VV802611D
02/12/2022,10:20:54,Asia/Calcutta,Express Checkout Payment,USD,49,-2.49,46.51,282.63,82W613687K236533T,progreen@sbcglobal.net,Edgar Flavell,,,0,0,WC-210224,
02/12/2022,13:48:11,Asia/Calcutta,Express Checkout Payment,USD,40,-2.1,37.9,320.53,2XH31330842364908,kristinatilson@gmail.com,Kristina Tilson,,,0,0,WC-210225,
2/13/2022,00:02:43,Asia/Calcutta,Express Checkout Payment,USD,79,-3.8,75.2,395.73,9YS907207T996711K,catbrossart@gmail.com,Catrina Brossart,,,0,0,WC-210226,
2/13/2022,00:04:24,Asia/Calcutta,Express Checkout Payment,USD,99,-4.67,94.33,490.06,6GE59233YP832001J,sdowling@croppergis.com,Shawn Dowling,,,0,0,WC-210227,
2/13/2022,03:24:25,Asia/Calcutta,Express Checkout Payment,USD,49,-2.49,46.51,536.57,1DY9551634665013U,massimo.barberi@gmail.com,Harmonia Yoga,,,0,0,WC-210228,
2/13/2022,03:49:30,Asia/Calcutta,Express Checkout Payment,USD,20,-1.23,18.77,555.34,78227624RB428352A,sinclair.kevin@gmail.com,Kevin Sinclair,,,0,0,WC-210229,
2/13/2022,04:10:42,Asia/Calcutta,Express Checkout Payment,USD,10,-0.79,9.21,564.55,3LT11375D8451542V,eneidasilva@cox.net,ENEIDA SILVA,,,0,0,WC-210230,
2/13/2022,04:58:45,Asia/Calcutta,General Currency Conversion,USD,-320.53,0,-320.53,244.02,18608657MP555960J,,,,,0,0,,5BR53608DS1583915
2/13/2022,08:33:38,Asia/Calcutta,Express Checkout Payment,USD,40,-2.1,37.9,281.92,6NM22563XU450134L,mo.whit13@gmail.com,Virginia Rose Craft Co,,,0,0,WC-210231,
2/13/2022,22:24:39,Asia/Calcutta,Express Checkout Payment,USD,79,-3.8,75.2,357.12,6W198080NA421041D,ellie@bellotte.com,Ellie Bellotte,,,0,0,WC-210233,
2/14/2022,00:00:39,Asia/Calcutta,Express Checkout Payment,USD,20,-1.23,18.77,375.89,65E66187R2521762T,nikolaos.stavrakas@gmail.com,Nikolaos Stavrakas,,,0,0,WC-210234,
2/14/2022,04:00:30,Asia/Calcutta,Express Checkout Payment,USD,79,-3.8,75.2,451.09,05G33407CV970192R,jihavoh@outlook.com,Michael Waymire,,,0,0,WC-210236,
2/14/2022,04:10:31,Asia/Calcutta,Express Checkout Payment,USD,20,-1.23,18.77,469.86,4994815532940871F,lafabio1@yahoo.com,Lisa Fabio,,,0,0,WC-210237,
2/14/2022,04:27:41,Asia/Calcutta,Express Checkout Payment,USD,79,-3.8,75.2,545.06,93C617129Y6404923,MICHELLEDAVIS0719@GMAIL.COM,Michelle Davis,,,0,0,WC-210238,
2/14/2022,04:33:48,Asia/Calcutta,General Currency Conversion,USD,-357.12,0,-357.12,187.94,2WS88933C3485705J,,,,,0,0,,6HA98155FG1513348
2/14/2022,05:01:11,Asia/Calcutta,Express Checkout Payment,USD,40,-2.1,37.9,225.84,7PY48382VE511844L,freddiegjertsen@googlemail.com,Alfred Gjertsen,,,0,0,WC-210239,
2/14/2022,08:26:21,Asia/Calcutta,Express Checkout Payment,USD,79,-3.8,75.2,301.04,7F431310RW607904N,claire.mcceney@gmail.com,Claire McCeney,,,0,0,WC-210242,
2/14/2022,17:23:43,Asia/Calcutta,Express Checkout Payment,USD,79,-3.8,75.2,376.24,8JK72508NA9948701,elisa1234561492341523@gmail.com,Elisabeth Jaskaran,,,0,0,WC-210244,
2/14/2022,19:35:53,Asia/Calcutta,Express Checkout Payment,USD,40,-2.1,37.9,414.14,9J119132A8736482Y,ivar-erdal@broadpark.no,GREENHORNS ENTERTAINMENT,,,0,0,WC-210245,
2/14/2022,21:22:15,Asia/Calcutta,Express Checkout Payment,USD,79,-3.8,75.2,489.34,98781505NJ9090239,abigail.berek@gmail.com,Abigail Berek,,,0,0,WC-210246,
2/14/2022,23:56:35,Asia/Calcutta,Express Checkout Payment,USD,20,-1.23,18.77,508.11,3D0610232X030214M,OldeSchoolWolf@gmail.com,Wesley Giambra,,,0,0,WC-210247,
2/15/2022,00:56:36,Asia/Calcutta,Express Checkout Payment,USD,40,-2.1,37.9,546.01,78950690JP6556810,genevieve.lavoie-st-gelais@mail.mcgill.ca,Genevieve Lavoie-St-Gelais,,,0,0,WC-210248,
2/15/2022,01:29:34,Asia/Calcutta,Express Checkout Payment,USD,71,-3.46,67.54,613.55,3S262170EB701100B,joaocdestro@gmail.com,Joao Carlos Destro,,,0,0,WC-210249,
2/15/2022,01:30:48,Asia/Calcutta,Express Checkout Payment,USD,79,-3.8,75.2,688.75,47114079P15005051,paypal@leighe.com,Leigh Erskine,,,0,0,WC-210250,
2/15/2022,04:53:55,Asia/Calcutta,General Currency Conversion,USD,-508.11,0,-508.11,180.64,4GR719578P6994503,,,,,0,0,,1UL62996LT449340K
2/15/2022,09:06:27,Asia/Calcutta,Express Checkout Payment,USD,20,-1.23,18.77,199.41,09R21848JN081463K,denise6372@gmail.com,Denise Cooper,,,0,0,WC-210252,
2/16/2022,02:35:16,Asia/Calcutta,Express Checkout Payment,USD,79,-3.8,75.2,274.61,52020178N3971122H,mandelous@gmail.com,Mandee Hewett,,,0,0,WC-210253,
2/16/2022,04:58:45,Asia/Calcutta,Express Checkout Payment,USD,20,-1.23,18.77,293.38,07H44133NR7484802,kerivenuti@gmail.com,Keri Venuti,,,0,0,WC-210254,
2/16/2022,05:10:11,Asia/Calcutta,General Currency Conversion,USD,-199.41,0,-199.41,93.97,9JF37152CY796332N,,,,,0,0,,0P8412472S244603W
2/16/2022,10:43:51,Asia/Calcutta,Express Checkout Payment,USD,20,-1.23,18.77,112.74,2SK85877W6307531B,athresh.boo@gmail.com,A A,,,0,0,WC-210256,
2/16/2022,12:53:30,Asia/Calcutta,Express Checkout Payment,USD,99,-4.67,94.33,207.07,73D80229SF7526355,jweston825@gmail.com,Julie Weston,,,0,0,WC-210257,
2/16/2022,13:21:01,Asia/Calcutta,Express Checkout Payment,USD,40,-2.1,37.9,244.97,6K4421969B668970H,Alexlouised@live.com,Alex Deighton,,,0,0,WC-210258,
2/16/2022,15:18:43,Asia/Calcutta,Express Checkout Payment,USD,20,-1.23,18.77,263.74,5MF3615701024090K,beckahchasteney@icloud.com,Beckah Chasteney,,,0,0,WC-210202,
2/16/2022,20:22:36,Asia/Calcutta,Express Checkout Payment,USD,20,-1.23,18.77,282.51,7KJ65172TH3348804,in.lange@gmx.net,Inga Lange,,,0,0,WC-210259,
2/16/2022,22:05:57,Asia/Calcutta,Express Checkout Payment,USD,40,-2.1,37.9,320.41,27783988CJ153920X,blake.carla@gmail.com,Carla Blake,,,0,0,WC-210260,
2/16/2022,22:19:36,Asia/Calcutta,Express Checkout Payment,USD,79,-3.8,75.2,395.61,25Y07425UK4524227,in.lange@gmx.net,Inga Lange,,,0,0,WC-210261,
2/17/2022,00:34:39,Asia/Calcutta,Express Checkout Payment,USD,20,-1.23,18.77,414.38,0MW48559F3578935G,metalandpixels@gmail.com,Bob Sinclair,,,0,0,WC-210262,
2/17/2022,02:29:18,Asia/Calcutta,Express Checkout Payment,USD,40,-2.1,37.9,452.28,1KL68452AX455440P,janene@ualberta.ca,janene pedetella,,,0,0,WC-210263,
2/17/2022,03:22:33,Asia/Calcutta,Express Checkout Payment,USD,20,-1.23,18.77,471.05,4JD17260J5510334F,mchiacchio13@gmail.com,Michelle Chiacchio,,,0,0,WC-210264,
2/17/2022,04:03:23,Asia/Calcutta,Express Checkout Payment,USD,48,-2.45,45.55,516.6,7EF12544J8695754D,sarah.dinan24@gmail.com,Sarah Dinan,,,0,0,WC-210265,
2/17/2022,04:10:12,Asia/Calcutta,General Currency Conversion,USD,-395.61,0,-395.61,120.99,8NK247495H0039224,,,,,0,0,,81839329T6044453W
2/17/2022,06:40:49,Asia/Calcutta,Express Checkout Payment,USD,20,-1.23,18.77,139.76,71D898042Y475973S,jweston825@gmail.com,Julie Weston,,,0,0,WC-210266,
2/18/2022,03:03:26,Asia/Calcutta,Express Checkout Payment,USD,79,-3.8,75.2,214.96,8L58465706074640W,jweston825@gmail.com,Julie Weston,,,0,0,WC-210267,
2/18/2022,04:37:20,Asia/Calcutta,Express Checkout Payment,USD,87,-4.15,82.85,297.81,8LT32347D9256501T,avalestin@gmail.com,Alexes Valestin,,,0,0,WC-210268,
2/18/2022,04:55:19,Asia/Calcutta,Express Checkout Payment,USD,40,-2.1,37.9,335.71,22D88593BP672143R,stacyedouglas@hotmail.com,Stacy Douglas,,,0,0,WC-210269,
2/18/2022,05:20:04,Asia/Calcutta,General Currency Conversion,USD,-139.76,0,-139.76,195.95,1DM68712ER640633A,,,,,0,0,,36D08798AM087381M
2/18/2022,11:27:47,Asia/Calcutta,Express Checkout Payment,USD,20,-1.23,18.77,214.72,95R82438A6944353K,cynthyaliang@gmail.com,Cynthya Liang,,,0,0,WC-210270,
2/18/2022,14:49:57,Asia/Calcutta,Payment Refund,USD,-16,0.7,-15.3,199.42,88M52315HS569334N,saleabod901@gmail.com,Abdul-Qadir Al-Mosuli,,,0,0,WC-210016,846488200X096773E
2/18/2022,14:50:01,Asia/Calcutta,Payment Refund,USD,-40,1.75,-38.25,161.17,1UG85706K4301452T,saleabod901@gmail.com,Abdul-Qadir Al-Mosuli,,,0,0,WC-210031,8K2596688W358262Y
2/18/2022,18:47:19,Asia/Calcutta,Express Checkout Payment,USD,79,-3.8,75.2,236.37,0EB02979NJ0615348,ninthstarherbals@gmail.com,Dawn Waites,,,0,0,WC-210273,
2/18/2022,22:26:39,Asia/Calcutta,Express Checkout Payment,USD,40,-2.1,37.9,274.27,2C599880540902517,info@verelst-genetics.com,VERELST Research & Development SL,,,0,0,WC-210274,
2/18/2022,22:29:56,Asia/Calcutta,Express Checkout Payment,USD,40,-2.1,37.9,312.17,5HA51418U4576100B,info@verelst-genetics.com,VERELST Research & Development SL,,,0,0,WC-210275,
2/19/2022,00:44:56,Asia/Calcutta,Express Checkout Payment,USD,20,-1.23,18.77,330.94,0AL262029N8284238,josephstallcop@gmail.com,JOSEPH STALLCOP,,,0,0,WC-210276,
2/19/2022,05:03:26,Asia/Calcutta,General Currency Conversion,USD,-312.17,0,-312.17,18.77,5FN74145JS3554837,,,,,0,0,,8U5673164W6158909
2/19/2022,08:20:56,Asia/Calcutta,Express Checkout Payment,USD,79,-3.8,75.2,93.97,5NN30056UP816393M,cmtm531@gmail.com,Christine Lee,,,0,0,WC-210277,
2/19/2022,14:19:23,Asia/Calcutta,Express Checkout Payment,USD,49,-2.49,46.51,140.48,7FX14985C4333572K,bgolembo@optusnet.com.au,Boris Golembo,,,0,0,WC-210278,
2/19/2022,14:58:53,Asia/Calcutta,Express Checkout Payment,USD,79,-3.8,75.2,215.68,4SG30329U11932239,jaziminharon@gmail.com,Jazimin Haron,,,0,0,WC-210279,
2/19/2022,16:21:24,Asia/Calcutta,Express Checkout Payment,USD,129,-5.98,123.02,338.7,0B93810435372182M,jens@baltersee.com,Jens Baltersee,,,0,0,WC-210280,
2/19/2022,22:53:23,Asia/Calcutta,Express Checkout Payment,USD,79,-3.8,75.2,413.9,3RS2185727332254N,michellelvatcher@gmail.com,Michelle Vatcher,,,0,0,WC-210282,
2/19/2022,22:59:32,Asia/Calcutta,Express Checkout Payment,USD,49,-2.49,46.51,460.41,47A04308B6921593P,patrik.hagnell@live.se,Patrik Hagnell,,,0,0,WC-210283,
2/19/2022,23:06:17,Asia/Calcutta,Express Checkout Payment,USD,20,-1.23,18.77,479.18,1W0389926S938724T,zachary.j.martin@gmail.com,Zachary Martin,,,0,0,WC-210284,
2/20/2022,02:40:48,Asia/Calcutta,Express Checkout Payment,USD,79,-3.8,75.2,554.38,19154952CB453680N,tonymoon@gmail.com,Anthony Grailz,,,0,0,WC-210285,
2/20/2022,03:21:15,Asia/Calcutta,Express Checkout Payment,USD,20,-1.23,18.77,573.15,9K766860YK6169911,kennyabird@gmail.com,Kenneth Byrd,,,0,0,WC-210286,
2/20/2022,03:44:45,Asia/Calcutta,Express Checkout Payment,USD,40,-2.1,37.9,611.05,70P52117YH2466244,briaukland@gmail.com,BRIANNA AUKLAND,,,0,0,WC-210287,
2/20/2022,04:38:11,Asia/Calcutta,General Currency Conversion,USD,-479.18,0,-479.18,131.87,6DS16398W8178214H,,,,,0,0,,5VA84063NL5006617
2/20/2022,04:41:15,Asia/Calcutta,Express Checkout Payment,USD,20,-1.23,18.77,150.64,98254769YA8689320,PANSARI9@GMAIL.COM,Paris Ansari,,,0,0,WC-210288,
2/20/2022,16:51:32,Asia/Calcutta,Express Checkout Payment,USD,20,-1.23,18.77,169.41,7LS79168GH3106809,sidandsidella@gmail.com,Noémi Ötvös,,,0,0,WC-210290,
2/21/2022,00:02:29,Asia/Calcutta,Express Checkout Payment,USD,99,-4.67,94.33,263.74,4PH89668EK678432S,dontoennies1@gmail.com,Don Toennies III,,,0,0,WC-210291,
2/21/2022,01:44:45,Asia/Calcutta,Express Checkout Payment,USD,40,-2.1,37.9,301.64,2U392454LM042212N,ceravalenti@u.boisestate.edu,Cera Marie,,,0,0,WC-210292,
2/21/2022,02:36:31,Asia/Calcutta,Express Checkout Payment,USD,71,-3.46,67.54,369.18,6EL316037D395650S,n.savarabrown@gmail.com,Nicole Savara-Brown,,,0,0,WC-210293,
2/21/2022,04:15:44,Asia/Calcutta,Express Checkout Payment,USD,79,-3.8,75.2,444.38,2TY77048W0372261J,sranson2cox@yahoo.com,Suzanne Ranson,,,0,0,WC-210294,
2/21/2022,04:29:33,Asia/Calcutta,General Currency Conversion,USD,-169.41,0,-169.41,274.97,89K17961EF331471F,,,,,0,0,,98793537H2093503V
2/21/2022,18:23:21,Asia/Calcutta,Express Checkout Payment,USD,55,-2.76,52.24,327.21,7RR37189F01501131,coalshapedheart@gmail.com,Mark alfarone,,,0,0,WC-210298,
2/21/2022,19:53:37,Asia/Calcutta,Express Checkout Payment,USD,99,-4.67,94.33,421.54,4GD63715F7128135G,dario.dabbicco@hotmail.it,Dario Dabbicco,,,0,0,WC-210299,
2/21/2022,20:42:06,Asia/Calcutta,Express Checkout Payment,USD,20,-1.23,18.77,440.31,5SG84579BK6083848,stephen.hesse@gmail.com,Stephen Hesse,,,0,0,WC-210300,
2/21/2022,20:58:51,Asia/Calcutta,Express Checkout Payment,USD,40,-2.1,37.9,478.21,1A435941E4406143S,etownsendmerino@gmail.com,Emma Townsend-Merino,,,0,0,WC-210301,
2/21/2022,23:32:44,Asia/Calcutta,Express Checkout Payment,USD,79,-3.8,75.2,553.41,19J99569E4514173W,elizabeth.schoenfeld6@gmail.com,Beth Schoenfeld,,,0,0,WC-210302,
2/21/2022,23:37:33,Asia/Calcutta,Express Checkout Payment,USD,20,-1.23,18.77,572.18,0G788810L3845813A,Danhixs8@gmail.com,Daniel hickson,,,0,0,WC-210303,
2/21/2022,23:56:00,Asia/Calcutta,Express Checkout Payment,USD,20,-1.23,18.77,590.95,72K55675J8116392D,etownsendmerino@gmail.com,Emma Townsend-Merino,,,0,0,WC-210304,
2/22/2022,01:10:03,Asia/Calcutta,Express Checkout Payment,USD,79,-3.8,75.2,666.15,2RT71953J2478861S,marc20k@flash.net,Marc Schindler,,,0,0,WC-210305,
2/22/2022,04:53:09,Asia/Calcutta,General Currency Conversion,USD,-590.95,0,-590.95,75.2,51T57018NG6370800,,,,,0,0,,65A72684GC531471Y
2/22/2022,08:54:47,Asia/Calcutta,Express Checkout Payment,USD,20,-1.23,18.77,93.97,24P35716HK8864741,dontoennies1@gmail.com,Don Toennies III,,,0,0,WC-210317,
2/22/2022,09:08:57,Asia/Calcutta,Express Checkout Payment,USD,79,-3.8,75.2,169.17,2LM15274N9761831T,cassaralison@gmail.com,Alison Cassar,,,0,0,WC-210318,
2/22/2022,10:36:11,Asia/Calcutta,Express Checkout Payment,USD,158,-7.26,150.74,319.91,60A51828D23347548,kmerino@me.com,Katie Townsend Merino,,,0,0,WC-210319,
2/22/2022,14:17:15,Asia/Calcutta,Express Checkout Payment,USD,79,-3.8,75.2,395.11,59M55271NX5261230,katalin.kadar@gmail.com,Katalin Kádár,,,0,0,WC-210320,
2/22/2022,17:32:21,Asia/Calcutta,Express Checkout Payment,USD,39,-2.05,36.95,432.06,65X76753SV5531214,info@2ndacthealth.com,Cheryl Taylor,,,0,0,WC-210321,
2/23/2022,01:16:02,Asia/Calcutta,Express Checkout Payment,USD,99,-4.67,94.33,526.39,4T857482KF5541844,hodari@gmail.com,Jamie Hodari,,,0,0,WC-210323,
2/23/2022,04:15:19,Asia/Calcutta,General Currency Conversion,USD,-432.06,0,-432.06,94.33,5VP79299LD717694D,,,,,0,0,,0AN61793VV246112S
2/23/2022,08:36:11,Asia/Calcutta,Express Checkout Payment,USD,79,-3.8,75.2,169.53,5VT14984W9836231D,klm.22713@gmail.com,kelsey mounier,,,0,0,WC-210325,
2/23/2022,09:41:46,Asia/Calcutta,Express Checkout Payment,USD,79,-3.8,75.2,244.73,4RN12870FE991664L,jbutler0927@gmail.com,Jessica Butler,,,0,0,WC-210326,
2/23/2022,10:42:16,Asia/Calcutta,Express Checkout Payment,USD,20,-1.23,18.77,263.5,04323074X3806322B,ainle@hotmail.com,Sarah-Renee Al Taweel,,,0,0,WC-210327,
2/23/2022,11:31:31,Asia/Calcutta,Express Checkout Payment,USD,20,-1.23,18.77,282.27,2TD19628HN612543Y,AngelofMu5ic@bigpond.com,Judith Grundy,,,0,0,WC-210328,
2/23/2022,20:00:16,Asia/Calcutta,Express Checkout Payment,USD,79,-3.8,75.2,357.47,4B998151497606058,catinhat33@gmail.com,Catherine Townsend,,,0,0,WC-210329,
2/23/2022,21:06:12,Asia/Calcutta,Express Checkout Payment,USD,20,-1.23,18.77,376.24,6RN745742Y745362F,heidis110102@gmail.com,Heidi Stokes,,,0,0,WC-210330,
2/24/2022,01:34:05,Asia/Calcutta,Express Checkout Payment,USD,89,-4.24,84.76,461,4R5660576D889334U,adrien.kauffmann@gmail.com,adrien kauffmann,,,0,0,WC-210331,
2/24/2022,02:08:25,Asia/Calcutta,Express Checkout Payment,USD,99,-4.67,94.33,555.33,2DS812894R353502M,tballen123@yahoo.com,Travis allen,,,0,0,WC-210332,
2/24/2022,04:13:29,Asia/Calcutta,Express Checkout Payment,USD,40,-2.1,37.9,593.23,7RE81468WB166072L,serenamoon@email.com,Serena Moon,,,0,0,WC-210333,
2/24/2022,04:35:25,Asia/Calcutta,General Currency Conversion,USD,-376.24,0,-376.24,216.99,6WC48670YJ9910101,,,,,0,0,,7RJ77620VU806171J
2/24/2022,08:43:33,Asia/Calcutta,Payment Refund,USD,-129,5.63,-123.37,93.62,41430163RT098332A,jens@baltersee.com,Jens Baltersee,,,0,0,WC-210280,0B93810435372182M
2/24/2022,08:57:23,Asia/Calcutta,Express Checkout Payment,USD,20,-1.23,18.77,112.39,5K9878774C328920S,serenamoon@email.com,Serena Moon,,,0,0,WC-210336,
2/24/2022,13:58:29,Asia/Calcutta,Website Payment,USD,265,-11.93,253.07,365.46,1AV16899PR881091P,simon@mac.web.id,psyc73,,,0,0,INV2-8G4B-S329-QP69-FM33,
2/24/2022,14:15:33,Asia/Calcutta,Hold on Balance for Dispute Investigation,USD,-18.77,0,-18.77,346.69,80864065VD391463H,AngelofMu5ic@bigpond.com,Judith Grundy,,,0,0,WC-210328,2TD19628HN612543Y
2/24/2022,21:36:29,Asia/Calcutta,Express Checkout Payment,USD,79,-3.8,75.2,421.89,8R221487D6731242X,enrico.harker@nashuaisp.co.za,Enrico Harker,,,0,0,WC-210337,
2/24/2022,23:18:20,Asia/Calcutta,Express Checkout Payment,USD,20,-1.23,18.77,440.66,13A828468J997604D,Violarealtybrittany@gmail.com,Brittany Ash,,,0,0,WC-210338,
02/01/2022,05:24:01,Asia/Calcutta,General Withdrawal - Bank Account,INR,"-52,820.24",0,"-52,820.24","-52,820.24",4B401167204019639,,,HDFC BANK,998,0,0,,
02/01/2022,05:24:01,Asia/Calcutta,General Currency Conversion,INR,"52,820.24",0,"52,820.24",0,64Y49423GD704613W,,,,,0,0,,4B401167204019639
02/02/2022,05:21:27,Asia/Calcutta,General Withdrawal - Bank Account,INR,"-26,467.53",0,"-26,467.53","-26,467.53",0CG96634N2595724L,,,HDFC BANK,998,0,0,,
02/02/2022,05:21:27,Asia/Calcutta,General Currency Conversion,INR,"26,467.53",0,"26,467.53",0,8RF72599GB8988138,,,,,0,0,,0CG96634N2595724L
02/03/2022,04:16:42,Asia/Calcutta,General Withdrawal - Bank Account,INR,"-9,431.60",0,"-9,431.60","-9,431.60",1MX46872B71751910,,,HDFC BANK,998,0,0,,
02/03/2022,04:16:42,Asia/Calcutta,General Currency Conversion,INR,"9,431.60",0,"9,431.60",0,2GC91707KG038674V,,,,,0,0,,1MX46872B71751910
02/04/2022,04:29:40,Asia/Calcutta,General Withdrawal - Bank Account,INR,"-6,345.54",0,"-6,345.54","-6,345.54",3T802530707020228,,,HDFC BANK,998,0,0,,
02/04/2022,04:29:40,Asia/Calcutta,General Currency Conversion,INR,"6,345.54",0,"6,345.54",0,53645640RH3806340,,,,,0,0,,3T802530707020228
02/05/2022,05:30:08,Asia/Calcutta,General Withdrawal - Bank Account,INR,"-2,013.59",0,"-2,013.59","-2,013.59",7K046954TR0880429,,,HDFC BANK,998,0,0,,
02/05/2022,05:30:08,Asia/Calcutta,General Currency Conversion,INR,"2,013.59",0,"2,013.59",0,0SU98060PY4872946,,,,,0,0,,7K046954TR0880429
02/06/2022,04:54:17,Asia/Calcutta,General Withdrawal - Bank Account,INR,"-26,413.09",0,"-26,413.09","-26,413.09",0HJ09345RV457930T,,,HDFC BANK,998,0,0,,
02/06/2022,04:54:17,Asia/Calcutta,General Currency Conversion,INR,"26,413.09",0,"26,413.09",0,9JK293615G6134848,,,,,0,0,,0HJ09345RV457930T
02/07/2022,04:51:32,Asia/Calcutta,General Withdrawal - Bank Account,INR,"-2,00,251.42",0,"-2,00,251.42","-2,00,251.42",4S683251RK199920T,,,HDFC BANK,998,0,0,,
02/07/2022,04:51:32,Asia/Calcutta,General Currency Conversion,INR,"2,00,251.42",0,"2,00,251.42",0,0A256542LR4154509,,,,,0,0,,4S683251RK199920T
02/08/2022,04:32:28,Asia/Calcutta,General Withdrawal - Bank Account,INR,"-54,553.23",0,"-54,553.23","-54,553.23",3PC37730B22359424,,,HDFC BANK,998,0,0,,
02/08/2022,04:32:28,Asia/Calcutta,General Currency Conversion,INR,"54,553.23",0,"54,553.23",0,2G169423GD883434G,,,,,0,0,,3PC37730B22359424
02/09/2022,04:01:32,Asia/Calcutta,General Withdrawal - Bank Account,INR,"-47,809.72",0,"-47,809.72","-47,809.72",2R675814Y1400180G,,,HDFC BANK,998,0,0,,
02/09/2022,04:01:32,Asia/Calcutta,General Currency Conversion,INR,"47,809.72",0,"47,809.72",0,9G6814583N485821B,,,,,0,0,,2R675814Y1400180G
02/10/2022,04:08:51,Asia/Calcutta,General Withdrawal - Bank Account,INR,"-24,433.87",0,"-24,433.87","-24,433.87",1N240101KX649760U,,,HDFC BANK,998,0,0,,
02/10/2022,04:08:51,Asia/Calcutta,General Currency Conversion,INR,"24,433.87",0,"24,433.87",0,19V364850T7965842,,,,,0,0,,1N240101KX649760U
02/11/2022,05:11:06,Asia/Calcutta,General Withdrawal - Bank Account,INR,"-24,502.02",0,"-24,502.02","-24,502.02",6LA61770S3474545B,,,HDFC BANK,998,0,0,,
02/11/2022,05:11:06,Asia/Calcutta,General Currency Conversion,INR,"24,502.02",0,"24,502.02",0,2SU26309MM186081H,,,,,0,0,,6LA61770S3474545B
02/12/2022,04:56:36,Asia/Calcutta,General Withdrawal - Bank Account,INR,"-27,305.35",0,"-27,305.35","-27,305.35",5G954350VV802611D,,,HDFC BANK,998,0,0,,
02/12/2022,04:56:36,Asia/Calcutta,General Currency Conversion,INR,"27,305.35",0,"27,305.35",0,1S73465680065723V,,,,,0,0,,5G954350VV802611D
2/13/2022,04:58:45,Asia/Calcutta,General Withdrawal - Bank Account,INR,"-23,235.40",0,"-23,235.40","-23,235.40",5BR53608DS1583915,,,HDFC BANK,998,0,0,,
2/13/2022,04:58:45,Asia/Calcutta,General Currency Conversion,INR,"23,235.40",0,"23,235.40",0,73R22352U0062144Y,,,,,0,0,,5BR53608DS1583915
2/14/2022,04:33:48,Asia/Calcutta,General Withdrawal - Bank Account,INR,"-25,887.52",0,"-25,887.52","-25,887.52",6HA98155FG1513348,,,HDFC BANK,998,0,0,,
2/14/2022,04:33:48,Asia/Calcutta,General Currency Conversion,INR,"25,887.52",0,"25,887.52",0,6GR57909H59624100,,,,,0,0,,6HA98155FG1513348
2/15/2022,04:53:55,Asia/Calcutta,General Withdrawal - Bank Account,INR,"-36,833.22",0,"-36,833.22","-36,833.22",1UL62996LT449340K,,,HDFC BANK,998,0,0,,
2/15/2022,04:53:55,Asia/Calcutta,General Currency Conversion,INR,"36,833.22",0,"36,833.22",0,66M280915S9328806,,,,,0,0,,1UL62996LT449340K
2/16/2022,05:10:11,Asia/Calcutta,General Withdrawal - Bank Account,INR,"-14,494.81",0,"-14,494.81","-14,494.81",0P8412472S244603W,,,HDFC BANK,998,0,0,,
2/16/2022,05:10:11,Asia/Calcutta,General Currency Conversion,INR,"14,494.81",0,"14,494.81",0,8VL0152442203020X,,,,,0,0,,0P8412472S244603W
2/17/2022,04:10:12,Asia/Calcutta,General Withdrawal - Bank Account,INR,"-28,674.22",0,"-28,674.22","-28,674.22",81839329T6044453W,,,HDFC BANK,998,0,0,,
2/17/2022,04:10:12,Asia/Calcutta,General Currency Conversion,INR,"28,674.22",0,"28,674.22",0,1P153068G1403450K,,,,,0,0,,81839329T6044453W
2/18/2022,05:20:04,Asia/Calcutta,General Withdrawal - Bank Account,INR,"-10,104.17",0,"-10,104.17","-10,104.17",36D08798AM087381M,,,HDFC BANK,998,0,0,,
2/18/2022,05:20:04,Asia/Calcutta,General Currency Conversion,INR,"10,104.17",0,"10,104.17",0,8AR258326X4588047,,,,,0,0,,36D08798AM087381M
2/19/2022,05:03:26,Asia/Calcutta,General Withdrawal - Bank Account,INR,"-22,420.90",0,"-22,420.90","-22,420.90",8U5673164W6158909,,,HDFC BANK,998,0,0,,
2/19/2022,05:03:26,Asia/Calcutta,General Currency Conversion,INR,"22,420.90",0,"22,420.90",0,20H94493P5370662J,,,,,0,0,,8U5673164W6158909
2/20/2022,04:38:11,Asia/Calcutta,General Withdrawal - Bank Account,INR,"-34,416.28",0,"-34,416.28","-34,416.28",5VA84063NL5006617,,,HDFC BANK,998,0,0,,
2/20/2022,04:38:11,Asia/Calcutta,General Currency Conversion,INR,"34,416.28",0,"34,416.28",0,01Y33484BM432335D,,,,,0,0,,5VA84063NL5006617
2/21/2022,04:29:33,Asia/Calcutta,General Withdrawal - Bank Account,INR,"-12,167.95",0,"-12,167.95","-12,167.95",98793537H2093503V,,,HDFC BANK,998,0,0,,
2/21/2022,04:29:33,Asia/Calcutta,General Currency Conversion,INR,"12,167.95",0,"12,167.95",0,7EF29856BT416262D,,,,,0,0,,98793537H2093503V
2/22/2022,04:53:09,Asia/Calcutta,General Withdrawal - Bank Account,INR,"-42,444.22",0,"-42,444.22","-42,444.22",65A72684GC531471Y,,,HDFC BANK,998,0,0,,
2/22/2022,04:53:09,Asia/Calcutta,General Currency Conversion,INR,"42,444.22",0,"42,444.22",0,2MR29614626768327,,,,,0,0,,65A72684GC531471Y
2/23/2022,04:15:19,Asia/Calcutta,General Withdrawal - Bank Account,INR,"-30,979.77",0,"-30,979.77","-30,979.77",0AN61793VV246112S,,,HDFC BANK,998,0,0,,
2/23/2022,04:15:19,Asia/Calcutta,General Currency Conversion,INR,"30,979.77",0,"30,979.77",0,0H705232AP0861743,,,,,0,0,,0AN61793VV246112S
2/24/2022,04:35:25,Asia/Calcutta,General Withdrawal - Bank Account,INR,"-27,073.90",0,"-27,073.90","-27,073.90",7RJ77620VU806171J,,,HDFC BANK,998,0,0,,
2/24/2022,04:35:25,Asia/Calcutta,General Currency Conversion,INR,"27,073.90",0,"27,073.90",0,7KT04772TL2532716,,,,,0,0,,7RJ77620VU806171J
