"Date","Time","Time Zone","Description","Currency","Gross","Fee","Net","Balance","Transaction ID","From Email Address","Name","Bank Name","Bank account","Postage and Packaging Amount","VAT","Invoice ID","Reference Txn ID"
"4/29/2022","00:31:53","Asia/Calcutta","Express Checkout Payment","USD","40.00","-2.10","37.90","390.82","8XB12249AW5757004","rachel_will@me.com","Rachel Will","","","0.00","0.00","WC-211044",""
"4/29/2022","01:19:02","Asia/Calcutta","Express Checkout Payment","USD","20.00","-1.23","18.77","409.59","6D9264354R7967308","biccypequeno@gmail.com","NICK CHRISTOU","","","0.00","0.00","WC-211045",""
"4/29/2022","05:13:59","Asia/Calcutta","General Currency Conversion","USD","-352.92","0.00","-352.92","56.67","41W82455T05448356","","","","","0.00","0.00","","92N401535L785243A"
"4/29/2022","06:50:39","Asia/Calcutta","Express Checkout Payment","USD","99.00","-4.67","94.33","151.00","8TV94101P3359802E","jamesrobertjonesjr1978@gmail.com","James Jones","","","0.00","0.00","WC-211046",""
"4/29/2022","12:25:00","Asia/Calcutta","Website Payment","USD","227.00","-10.27","216.73","367.73","89920180DV988342W","simon@mac.web.id","psyc73","","","0.00","0.00","INV2-GBHS-6VFD-86FP-3SBN",""
"4/29/2022","16:07:33","Asia/Calcutta","Cancellation of Hold for Dispute Resolution","USD","75.20","0.00","75.20","442.93","26C51314J3115924W","nathanbradin@yahoo.com","Nathan Klein","","","0.00","0.00","WC-210786","3LX64856R9584781U"
"4/29/2022","16:07:35","Asia/Calcutta","Payment Refund","USD","-79.00","3.45","-75.55","367.38","1WH136836N9510525","nathanbradin@yahoo.com","Nathan Klein","","","0.00","0.00","WC-210786","3LX64856R9584781U"
"4/29/2022","16:21:18","Asia/Calcutta","Express Checkout Payment","USD","20.00","-1.23","18.77","386.15","97Y17378UM749094W","elviaje26@gmail.com","Clayton Stephens","","","0.00","0.00","WC-211048",""
"4/30/2022","04:01:47","Asia/Calcutta","Express Checkout Payment","USD","20.00","-1.23","18.77","404.92","85H34715G2881483T","jesse.t.hovey@gmail.com","Jesse Hovey","","","0.00","0.00","WC-211050",""
"4/30/2022","04:40:22","Asia/Calcutta","Express Checkout Payment","USD","20.00","-1.23","18.77","423.69","4YG09027YH3874253","chris.sanichar@gmail.com","Christopher Sanichar","","","0.00","0.00","WC-211051",""
"4/30/2022","05:05:24","Asia/Calcutta","General Currency Conversion","USD","-386.15","0.00","-386.15","37.54","3B474072KT193204J","","","","","0.00","0.00","","9KW00965FN4331933"
"4/30/2022","05:08:34","Asia/Calcutta","Express Checkout Payment","USD","20.00","-1.23","18.77","56.31","5L23035483482881R","fionadillon@hotmail.com","Fiona Dillon","","","0.00","0.00","WC-211052",""
"4/30/2022","06:49:47","Asia/Calcutta","Express Checkout Payment","USD","99.00","-4.67","94.33","150.64","2DB63549UW601624Y","jcgordon550@gmail.com","Julian Gordon","","","0.00","0.00","WC-211053",""
"4/30/2022","11:59:05","Asia/Calcutta","Express Checkout Payment","USD","20.00","-1.23","18.77","169.41","40X51717HW809313E","angeles@angelesrios.com","Angeles Rios","","","0.00","0.00","WC-211066",""
"4/30/2022","16:58:59","Asia/Calcutta","Express Checkout Payment","USD","111.00","-5.20","105.80","275.21","95R64766GE749714L","samuel.iff@gmail.com","Samuel Iff","","","0.00","0.00","WC-211067",""
"4/30/2022","18:18:40","Asia/Calcutta","Express Checkout Payment","USD","20.00","-1.23","18.77","293.98","5LN27736YR445663U","claystrozier@gmail.com","Clay Strozier","","","0.00","0.00","WC-211068",""
"4/30/2022","20:09:15","Asia/Calcutta","Express Checkout Payment","USD","40.00","-2.10","37.90","331.88","2KJ49479N7279162X","brown.brittany7777@gmail.com","Brittany Brown","","","0.00","0.00","WC-211069",""
"4/30/2022","21:41:05","Asia/Calcutta","Express Checkout Payment","USD","20.00","-1.23","18.77","350.65","57616261PJ030743M","Aliciaholmanphotography@gmail.com","Alicia Holman Photography","","","0.00","0.00","WC-211070",""
"4/30/2022","21:48:37","Asia/Calcutta","Express Checkout Payment","USD","20.00","-1.23","18.77","369.42","6AA223667L463673C","kocsisfamily@hotmail.com","Lisa Kocsis","","","0.00","0.00","WC-211071",""
"4/30/2022","23:34:49","Asia/Calcutta","Express Checkout Payment","USD","40.00","-2.10","37.90","407.32","5X6779797N3235502","norapeterson21@gmail.com","Nora Peterson","","","0.00","0.00","WC-211072",""
"5/1/2022","05:44:44","Asia/Calcutta","General Currency Conversion","USD","-407.32","0.00","-407.32","0.00","9P723879BR637925H","","","","","0.00","0.00","","90S53001MK654110E"
"5/2/2022","01:14:43","Asia/Calcutta","Express Checkout Payment","USD","49.00","-2.49","46.51","46.51","1EW85927AB1345246","le_genevois@hotmail.com","Frédéric SCHOENI","","","0.00","0.00","WC-211073",""
"5/2/2022","23:56:53","Asia/Calcutta","Express Checkout Payment","USD","20.00","-1.23","18.77","65.28","51N347434L0983541","knkarres@gmail.com","Kelly Karres","","","0.00","0.00","WC-211075",""
"5/3/2022","02:26:34","Asia/Calcutta","Express Checkout Payment","USD","40.00","-2.10","37.90","103.18","13W96670AY6796101","alishacrossley@me.com","Alisha Crossley Photography, LLC","","","0.00","0.00","WC-211076",""
"5/3/2022","03:47:28","Asia/Calcutta","Express Checkout Payment","USD","79.00","-3.80","75.20","178.38","6J075889B7112353H","nlemaypaquette@gmail.com","Natalie Lemay-Paquette","","","0.00","0.00","WC-211077",""
"5/3/2022","04:53:39","Asia/Calcutta","General Currency Conversion","USD","-65.28","0.00","-65.28","113.10","40W18525PS4339840","","","","","0.00","0.00","","30P59227B95469336"
"5/3/2022","07:44:42","Asia/Calcutta","Express Checkout Payment","USD","79.00","-3.80","75.20","188.30","42T59349218194948","kajeffords@yahoo.com","Karen Moreau","","","0.00","0.00","WC-211078",""
"5/3/2022","07:45:15","Asia/Calcutta","Express Checkout Payment","USD","79.00","-3.80","75.20","263.50","68A82630JT409370L","chumps.tanks_0b@icloud.com","Ruth Rankin","","","0.00","0.00","WC-211079",""
"5/3/2022","16:36:50","Asia/Calcutta","Express Checkout Payment","USD","79.00","-3.80","75.20","338.70","8W350741F0298902H","info@2ndacthealth.com","Cheryl Taylor","","","0.00","0.00","WC-211080",""
"5/3/2022","17:06:28","Asia/Calcutta","Express Checkout Payment","USD","16.00","-1.05","14.95","353.65","0K954934RB822740X","info@2ndacthealth.com","Cheryl Taylor","","","0.00","0.00","WC-211081",""
"5/3/2022","20:58:15","Asia/Calcutta","Express Checkout Payment","USD","112.00","-5.24","106.76","460.41","7NW92053W3217312A","jcgordon550@gmail.com","Julian Gordon","","","0.00","0.00","WC-211084",""
"5/3/2022","21:07:42","Asia/Calcutta","Express Checkout Payment","USD","79.00","-3.80","75.20","535.61","8RK44393TP353690E","danidelrr@gmail.com","Daniel del Río Rodríguez","","","0.00","0.00","WC-211085",""
"5/3/2022","21:17:25","Asia/Calcutta","Express Checkout Payment","USD","20.00","-1.23","18.77","554.38","2N524445J7193092X","hmkamen6@gmail.com","Hannah Kamen","","","0.00","0.00","WC-211086",""
"5/4/2022","00:58:07","Asia/Calcutta","Express Checkout Payment","USD","20.00","-1.23","18.77","573.15","2GW454272C4585504","le_genevois@hotmail.com","Frédéric SCHOENI","","","0.00","0.00","WC-211088",""
"5/4/2022","02:00:03","Asia/Calcutta","Express Checkout Payment","USD","79.00","-3.80","75.20","648.35","8ER49414PX287730C","jackie.cattell1@gmail.com","Jaqueline Cattell","","","0.00","0.00","WC-211089",""
"5/4/2022","03:16:37","Asia/Calcutta","Express Checkout Payment","USD","40.00","-2.10","37.90","686.25","625913633A277614M","Koneko42@gmail.com","Mary Steckler","","","0.00","0.00","WC-211090",""
"5/4/2022","04:35:30","Asia/Calcutta","General Currency Conversion","USD","-554.38","0.00","-554.38","131.87","8X1716952M3464607","","","","","0.00","0.00","","84M40726H7709310T"
"5/4/2022","08:53:42","Asia/Calcutta","Express Checkout Payment","USD","79.00","-3.80","75.20","207.07","7CG134963T978870U","tiff.botwright@pinnaclesafety.com.au","Tiff Botwright","","","0.00","0.00","WC-211091",""
"5/4/2022","12:04:19","Asia/Calcutta","Hold on Balance for Dispute Investigation","USD","-75.20","0.00","-75.20","131.87","2CA11199398415828","lukas.jelk@gmail.com","Lukas Jelk","","","0.00","0.00","WC-211030","1M117534GT175573L"
"5/4/2022","17:56:44","Asia/Calcutta","Express Checkout Payment","USD","143.00","-6.60","136.40","268.27","7DK24096MC9909117","LORA.BOSTIC@GMAIL.COM","Lora Neal","","","0.00","0.00","WC-211093",""
"5/4/2022","20:56:14","Asia/Calcutta","Express Checkout Payment","USD","20.00","-1.23","18.77","287.04","4WX54511XX745383V","thedarst7@aol.com","Tammie Darst","","","0.00","0.00","WC-211094",""
"5/4/2022","22:27:09","Asia/Calcutta","Express Checkout Payment","USD","20.00","-1.23","18.77","305.81","84W32419T9247840M","thedarst7@aol.com","Tammie Darst","","","0.00","0.00","WC-211095",""
"4/29/2022","05:13:59","Asia/Calcutta","General Withdrawal - Bank Account","INR","-26,009.87","0.00","-26,009.87","-26,009.87","92N401535L785243A","","","HDFC BANK","0998","0.00","0.00","",""
"4/29/2022","05:13:59","Asia/Calcutta","General Currency Conversion","INR","26,009.87","0.00","26,009.87","0.00","45C760937J944784D","","","","","0.00","0.00","","92N401535L785243A"
"4/30/2022","05:05:24","Asia/Calcutta","General Withdrawal - Bank Account","INR","-28,403.65","0.00","-28,403.65","-28,403.65","9KW00965FN4331933","","","HDFC BANK","0998","0.00","0.00","",""
"4/30/2022","05:05:24","Asia/Calcutta","General Currency Conversion","INR","28,403.65","0.00","28,403.65","0.00","8NV48476E38615422","","","","","0.00","0.00","","9KW00965FN4331933"
"5/1/2022","05:44:44","Asia/Calcutta","General Withdrawal - Bank Account","INR","-29,961.25","0.00","-29,961.25","-29,961.25","90S53001MK654110E","","","HDFC BANK","0998","0.00","0.00","",""
"5/1/2022","05:44:44","Asia/Calcutta","General Currency Conversion","INR","29,961.25","0.00","29,961.25","0.00","09182135MG210601T","","","","","0.00","0.00","","90S53001MK654110E"
"5/3/2022","04:53:39","Asia/Calcutta","General Withdrawal - Bank Account","INR","-4,805.99","0.00","-4,805.99","-4,805.99","30P59227B95469336","","","HDFC BANK","0998","0.00","0.00","",""
"5/3/2022","04:53:39","Asia/Calcutta","General Currency Conversion","INR","4,805.99","0.00","4,805.99","0.00","9XN87033UB455851P","","","","","0.00","0.00","","30P59227B95469336"
"5/4/2022","04:35:30","Asia/Calcutta","General Withdrawal - Bank Account","INR","-40,880.99","0.00","-40,880.99","-40,880.99","84M40726H7709310T","","","HDFC BANK","0998","0.00","0.00","",""
"5/4/2022","04:35:30","Asia/Calcutta","General Currency Conversion","INR","40,880.99","0.00","40,880.99","0.00","12475925CE303022U","","","","","0.00","0.00","","84M40726H7709310T"
