UR Type,Note Number,Note Date,Note Type,Place Of Supply,Note Value,Applicable % of Tax Rate,Rate,Taxable Value,Cess Amount
EXPWOP,21-22-PPCN-058,01-Feb-22,C,,5981.85,,0,5981.85,
EXPWOP,21-22-PPCN-059,02-Feb-22,C,,5422.81,,0,5422.81,
EXPWOP,21-22-PPCN-060,04-Feb-22,C,,3918.95,,0,3918.95,
EXPWOP,21-22-PPCN-061,04-Feb-22,C,,7124.57,,0,7124.57,
EXPWOP,21-22-PPCN-062,04-Feb-22,C,,679.35,,0,679.35,
EXPWOP,21-22-PPCN-063,08-Feb-22,C,,3942.58,,0,3942.58,
EXPWOP,21-22-PPCN-064,18-Feb-22,C,,1098.89,,0,1098.89,
EXPWOP,21-22-PPCN-065,18-Feb-22,C,,2747.22,,0,2747.22,
EXPWOP,21-22-PPCN-066,24-Feb-22,C,,8869.08,,0,8869.08,
EXPWOP,21-22-PPCN-067,24-Feb-22,C,,1349.38,,0,1349.38,
EXPWOP,21-22-PPCN-068,27-Feb-22,C,,3943.11,,0,3943.11,
EXPWOP,21-22-PPCN-069,28-Feb-22,C,,3402.06,,0,3402.06,
