"automatic_payout_id","automatic_payout_effective_at_utc","automatic_payout_effective_at","balance_transaction_id","created_utc","created","available_on_utc","available_on","currency","gross","fee","net","reporting_category","source_id","description","customer_facing_amount","customer_facing_currency","customer_id","customer_email","customer_name","customer_description","shipping_address_line1","shipping_address_line2","shipping_address_city","shipping_address_state","shipping_address_postal_code","shipping_address_country","charge_id","payment_intent_id","charge_created_utc","charge_created","order_id","invoice_id","subscription_id","payment_method_type","card_brand","card_funding","card_country","statement_descriptor","dispute_reason","payment_metadata[created]","payment_metadata[cross_border_classificaton]","payment_metadata[customer_email]","payment_metadata[customer_id]","payment_metadata[customer_name]","payment_metadata[email]","payment_metadata[gateway_id]","payment_metadata[ip_address]","payment_metadata[order_id]","payment_metadata[partner]","payment_metadata[product_111252]","payment_metadata[product_111560]","payment_metadata[product_111561]","payment_metadata[product_111562]","payment_metadata[product_200706]","payment_metadata[product_203176]","payment_metadata[product_204046]","payment_metadata[product_204522]","payment_metadata[product_207855]","payment_metadata[product_41160]","payment_metadata[product_60606]","payment_metadata[product_60780]","payment_metadata[product_60781]","payment_metadata[product_60784]","payment_metadata[product_60785]","payment_metadata[product_60786]","payment_metadata[product_60789]","payment_metadata[product_60791]","payment_metadata[product_60793]","payment_metadata[shop_id]","payment_metadata[shop_name]","payment_metadata[user_agent]","payment_metadata[user_id]","refund_metadata[created_via]","refund_metadata[order_id]","connected_account_id","connected_account_name","connected_account_country"
"po_1KkeVLIqGbNkShMPmfiHcAZb","2022-04-04 01:14:52","2022-04-04 06:44:52","txn_1KhFLNIqGbNkShMPRy6AIcKg","2022-03-25 15:46:24","2022-03-25 21:16:24","2022-04-04 00:00:00","2022-04-04 05:30:00","inr","1493.70","75.79","1417.91","charge","ch_1KhFLIIqGbNkShMP7wc5RsXV","Order 210686 from Xcode Life","20.00","usd","cus_LO1LImSgBHLA9L","abusch10@hotmail.com","Amy Busch",,,,,,,,"ch_1KhFLIIqGbNkShMP7wc5RsXV","pi_1KhFIVIqGbNkShMP6o5Me2od","2022-03-25 15:46:24","2022-03-25 21:16:24",,,,"card","Visa","credit","US",,,"1648223181",,,,,,"stripe_cc","108.18.224.192","210686","PaymentPlugins",,,,,,,"American College Of Medical Genetics & Genomics (ACMG) x 1",,,,,,,,,,,,,,,"Mozilla/5.0 (Linux; Android 11; SM-T500) AppleWebKit/537.36 (KHTML, like Gecko) Chrome/99.0.4844.73 Safari/537.36","31709",,,,,
"po_1KkeVLIqGbNkShMPmfiHcAZb","2022-04-04 01:14:52","2022-04-04 06:44:52","txn_1KhFfkIqGbNkShMPQ4n5jcdy","2022-03-25 16:07:29","2022-03-25 21:37:29","2022-04-04 00:00:00","2022-04-04 05:30:00","inr","1493.70","75.79","1417.91","charge","ch_1KhFfhIqGbNkShMPXtZeE2py","Order 210687 from Xcode Life","20.00","usd","cus_LO1LImSgBHLA9L","abusch10@hotmail.com","Amy Busch",,,,,,,,"ch_1KhFfhIqGbNkShMPXtZeE2py","pi_1KhFfeIqGbNkShMPE2Jfn7m0","2022-03-25 16:07:29","2022-03-25 21:37:29",,,,"card","Visa","credit","US",,,"1648224445",,,,,,"stripe_cc","108.18.224.192","210687","PaymentPlugins",,,,,,,"American College Of Medical Genetics & Genomics (ACMG) x 1",,,,,,,,,,,,,,,"Mozilla/5.0 (Linux; Android 11; SM-T500) AppleWebKit/537.36 (KHTML, like Gecko) Chrome/99.0.4844.73 Safari/537.36","31709",,,,,
"po_1Kl0oRIqGbNkShMPU5RQdeDc","2022-04-05 01:04:03","2022-04-05 06:34:03","txn_1KhQ2fIqGbNkShMPqNs732Bk","2022-03-26 03:11:50","2022-03-26 08:41:50","2022-04-05 00:00:00","2022-04-05 05:30:00","inr","1495.06","75.87","1419.19","charge","ch_1KhQ2cIqGbNkShMPvk0Pxyqz","Order 210691 from Xcode Life","20.00","usd","cus_JiXobC0Zkw3WWi","ggeminiuc@rogers.com","Grant Geminiuc",,,,,,,,"ch_1KhQ2cIqGbNkShMPvk0Pxyqz","pi_1KhQ2aIqGbNkShMPqFhngGE9","2022-03-26 03:11:50","2022-03-26 08:41:50",,,,"card","Visa","credit","CA",,,"1648264306",,,,,,"stripe_cc","99.244.47.135","210691","PaymentPlugins",,,,,,,"American College Of Medical Genetics & Genomics (ACMG) x 1",,,,,,,,,,,,,,,"Mozilla/5.0 (Windows NT 10.0; Win64; x64) AppleWebKit/537.36 (KHTML, like Gecko) Chrome/99.0.4844.84 Safari/537.36","30114",,,,,
"po_1Kl0oRIqGbNkShMPU5RQdeDc","2022-04-05 01:04:03","2022-04-05 06:34:03","txn_1KhvSgIqGbNkShMPt7xg9EKl","2022-03-27 12:44:48","2022-03-27 18:14:48","2022-04-05 00:00:00","2022-04-05 05:30:00","inr","5905.42","299.63","5605.79","charge","ch_1KhvSeIqGbNkShMPTIt0fgle","Order 210707 from Xcode Life","79.00","usd","cus_IhFOctCqNiRcin","studio@genobioma.com","progetto genobioma",,,,,,,,"ch_1KhvSeIqGbNkShMPTIt0fgle","pi_1KhvQlIqGbNkShMPB9r44Xju","2022-03-27 12:44:48","2022-03-27 18:14:48",,,,"card","Visa","debit","IT",,,"1648385084",,,,,,"stripe_cc","151.74.170.169","210707","PaymentPlugins",,,,"Mega Pack x 1",,,,,,,,,,,,,,,,,,"Mozilla/5.0 (Windows NT 10.0; Win64; x64) AppleWebKit/537.36 (KHTML, like Gecko) Chrome/99.0.4844.74 Safari/537.36 Edg/99.0.1150.46","28599",,,,,
"po_1Kl0oRIqGbNkShMPU5RQdeDc","2022-04-05 01:04:03","2022-04-05 06:34:03","txn_1Khy9aIqGbNkShMPBamyulY8","2022-03-27 15:37:15","2022-03-27 21:07:15","2022-04-05 00:00:00","2022-04-05 05:30:00","inr","5905.42","299.63","5605.79","charge","ch_1Khy9XIqGbNkShMPR0q7cQdW","Order 210699 from Xcode Life","79.00","usd","cus_LOdCvaXcrRPxzD","deedeeperez@gmail.com","Deanna Perez",,,,,,,,"ch_1Khy9XIqGbNkShMPR0q7cQdW","pi_1Khy9UIqGbNkShMPoK0JDArf","2022-03-27 15:37:15","2022-03-27 21:07:15",,,,"card","MasterCard","debit","US",,,"1648395432",,,,,,"stripe_cc","70.114.3.37","210699","PaymentPlugins","DNA Health Insights x 1",,,,,,,,,,,,,,,,,,,,,"Mozilla/5.0 (iPhone; CPU iPhone OS 15_3_1 like Mac OS X) AppleWebKit/605.1.15 (KHTML, like Gecko) Version/15.3 Mobile/15E148 Safari/604.1","31719",,,,,
"po_1Kl0oRIqGbNkShMPU5RQdeDc","2022-04-05 01:04:03","2022-04-05 06:34:03","txn_1KiJikIqGbNkShMPvRxEZhSs","2022-03-28 14:39:00","2022-03-28 20:09:00","2022-04-05 00:00:00","2022-04-05 05:30:00","inr","5893.64","299.05","5594.59","charge","ch_1KiJiiIqGbNkShMPfom1kstJ","Order 210721 from Xcode Life","79.00","usd","cus_IhFOctCqNiRcin","studio@genobioma.com","progetto genobioma",,,,,,,,"ch_1KiJiiIqGbNkShMPfom1kstJ","pi_1KiJhoIqGbNkShMP8O7GBVJe","2022-03-28 14:39:00","2022-03-28 20:09:00",,,,"card","Visa","debit","IT",,,"1648478338",,,,,,"stripe_cc","151.74.10.40","210721","PaymentPlugins",,,,"Mega Pack x 1",,,,,,,,,,,,,,,,,,"Mozilla/5.0 (Windows NT 10.0; Win64; x64) AppleWebKit/537.36 (KHTML, like Gecko) Chrome/99.0.4844.74 Safari/537.36 Edg/99.0.1150.55","28599",,,,,
"po_1Kl0oRIqGbNkShMPU5RQdeDc","2022-04-05 01:04:03","2022-04-05 06:34:03","txn_1KiOVcIqGbNkShMPXvtXLCQh","2022-03-28 19:45:45","2022-03-29 01:15:45","2022-04-05 00:00:00","2022-04-05 05:30:00","inr","5893.64","299.05","5594.59","charge","ch_1KiOVZIqGbNkShMPvXvPFqjP","Order 210723 from Xcode Life","79.00","usd","cus_LPAgkFcwEUBY0p","vzeilinger57@gmail.com","Vanessa Zeilinger",,,,,,,,"ch_1KiOVZIqGbNkShMPvXvPFqjP","pi_1KiOP0IqGbNkShMPnKROe6FY","2022-03-28 19:45:45","2022-03-29 01:15:45",,,,"card","Visa","debit","US",,,"1648496742",,,,,,"stripe_cc","99.43.20.40","210723","PaymentPlugins","DNA Health Insights x 1",,,,,,,,,,,,,,,,,,,,,"Mozilla/5.0 (Windows NT 10.0; Win64; x64) AppleWebKit/537.36 (KHTML, like Gecko) Chrome/99.0.4844.84 Safari/537.36","31732",,,,,
"po_1KlNHlIqGbNkShMP7GvOkVTi","2022-04-06 01:03:50","2022-04-06 06:33:50","txn_1KigXSIqGbNkShMPYkqM8CFh","2022-03-29 15:00:51","2022-03-29 20:30:51","2022-04-06 00:00:00","2022-04-06 05:30:00","inr","5865.17","297.60","5567.57","charge","ch_1KigXPIqGbNkShMPcOof6IOK","Order 210749 from Xcode Life","79.00","usd","cus_LPVV4l7KekfpML","suziq010805@gmail.com","Susan Brown",,,,,,,,"ch_1KigXPIqGbNkShMPcOof6IOK","pi_1KigUSIqGbNkShMP6U9PlGfs","2022-03-29 15:00:51","2022-03-29 20:30:51",,,,"card","Visa","credit","US",,,"1648566048",,,,,,"stripe_cc","72.182.65.206","210749","PaymentPlugins",,,,"Mega Pack x 1",,,,,,,,,,,,,,,,,,"Mozilla/5.0 (Linux; Android 12; Pixel 6 Pro) AppleWebKit/537.36 (KHTML, like Gecko) Chrome/99.0.4844.88 Mobile Safari/537.36","31740",,,,,
"po_1KlNHlIqGbNkShMP7GvOkVTi","2022-04-06 01:03:50","2022-04-06 06:33:50","txn_1KilJxIqGbNkShMPThAuznTc","2022-03-29 20:07:14","2022-03-30 01:37:14","2022-04-06 00:00:00","2022-04-06 05:30:00","inr","5865.17","297.60","5567.57","charge","ch_1KilJuIqGbNkShMPy8fPALRJ","Order 210751 from Xcode Life","79.00","usd","cus_IhFOctCqNiRcin","studio@genobioma.com","progetto genobioma",,,,,,,,"ch_1KilJuIqGbNkShMPy8fPALRJ","pi_1KilIYIqGbNkShMPqorlZKI1","2022-03-29 20:07:14","2022-03-30 01:37:14",,,,"card","Visa","debit","IT",,,"1648584431",,,,,,"stripe_cc","151.74.10.40","210751","PaymentPlugins",,,,"Mega Pack x 1",,,,,,,,,,,,,,,,,,"Mozilla/5.0 (Windows NT 10.0; Win64; x64) AppleWebKit/537.36 (KHTML, like Gecko) Chrome/99.0.4844.74 Safari/537.36 Edg/99.0.1150.55","28599",,,,,
"po_1KlNHlIqGbNkShMP7GvOkVTi","2022-04-06 01:03:50","2022-04-06 06:33:50","txn_1KioGqIqGbNkShMP54OAv2Wh","2022-03-29 23:16:14","2022-03-30 04:46:14","2022-04-06 00:00:00","2022-04-06 05:30:00","inr","3637.89","184.59","3453.30","charge","ch_1KioGoIqGbNkShMPFKdjjFvd","Order 210753 from Xcode Life","49.00","usd","cus_LPdVTNgIutHnV3","sjgielow@gmail.com","Sarah Gielow",,,,,,,,"ch_1KioGoIqGbNkShMPFKdjjFvd","pi_1KioF0IqGbNkShMPrCR6pj5V","2022-03-29 23:16:14","2022-03-30 04:46:14",,,,"card","Visa","credit","US",,,"1648595771",,,,,,"stripe_cc","174.204.192.231","210753","PaymentPlugins",,,"Starter Pack x 1",,,,,,,,,,,,,,,,,,,"Mozilla/5.0 (Linux; Android 12; SM-G970U) AppleWebKit/537.36 (KHTML, like Gecko) Chrome/99.0.4844.73 Mobile Safari/537.36","31743",,,,,
"po_1Km6MrIqGbNkShMPXY1XDzhE","2022-04-08 01:12:06","2022-04-08 06:42:06","txn_1KjVAqIqGbNkShMPyQDHEb3z","2022-03-31 21:04:52","2022-04-01 02:34:52","2022-04-08 00:00:00","2022-04-08 05:30:00","inr","2970.93","150.75","2820.18","charge","ch_1KjVAmIqGbNkShMPivgNyp2P","Order 210768 from Xcode Life","40.00","usd","cus_LQLiKwaQdbxk3V","bbss7298@gmail.com","Brandy Rigby",,,,,,,,"ch_1KjVAmIqGbNkShMPivgNyp2P","pi_1KjV0mIqGbNkShMPDEh10BjR","2022-03-31 21:04:52","2022-04-01 02:34:52",,,,"card","Visa","debit","CA",,,"1648760689",,,,,,"stripe_cc","99.243.128.214","210768","PaymentPlugins",,,,,,,,,,,"Gene Nutrition x 1",,"Gene Health x 1",,,,,,,,,"Mozilla/5.0 (Linux; Android 10; VOG-L04) AppleWebKit/537.36 (KHTML, like Gecko) Chrome/99.0.4844.88 Mobile Safari/537.36","31754",,,,,
"po_1KnBneIqGbNkShMPvMIDzFgw","2022-04-11 01:12:15","2022-04-11 06:42:15","txn_1KjtuNIqGbNkShMP2hObb0m8","2022-04-01 23:29:32","2022-04-02 04:59:32","2022-04-11 00:00:00","2022-04-11 05:30:00","inr","5884.67","298.58","5586.09","charge","ch_1KjtuKIqGbNkShMPBht5UrMV","Order 210780 from Xcode Life","79.00","usd","cus_LQlH8UBZQaGTmW","Garrettfeddersen@yahoo.com","Garrett Feddersen",,,,,,,,"ch_1KjtuKIqGbNkShMPBht5UrMV","pi_1KjtuHIqGbNkShMPofXiyaH7","2022-04-01 23:29:32","2022-04-02 04:59:32",,,,"card","Visa","credit","US",,,"1648855768",,,,,,"stripe_cc","173.16.86.53","210780","PaymentPlugins",,,,"Mega Pack x 1",,,,,,,,,,,,,,,,,,"Mozilla/5.0 (Linux; Android 12; SM-G996U) AppleWebKit/537.36 (KHTML, like Gecko) Chrome/99.0.4844.88 Mobile Safari/537.36","31764",,,,,
"po_1KnBneIqGbNkShMPvMIDzFgw","2022-04-11 01:12:15","2022-04-11 06:42:15","txn_1KjtuNIqGbNkShMP764x9joa","2022-04-01 23:29:32","2022-04-02 04:59:32","2022-04-11 00:00:00","2022-04-11 05:30:00","inr","5884.67","298.58","5586.09","charge","ch_1KjtuKIqGbNkShMPyw8ghQLI","Order 210780 from Xcode Life","79.00","usd","cus_LQlH8UBZQaGTmW","Garrettfeddersen@yahoo.com","Garrett Feddersen",,,,,,,,"ch_1KjtuKIqGbNkShMPyw8ghQLI","pi_1KjtuGIqGbNkShMPC4wFlI1p","2022-04-01 23:29:32","2022-04-02 04:59:32",,,,"card","Visa","credit","US",,,"1648855768",,,,,,"stripe_cc","173.16.86.53","210780","PaymentPlugins",,,,"Mega Pack x 1",,,,,,,,,,,,,,,,,,"Mozilla/5.0 (Linux; Android 12; SM-G996U) AppleWebKit/537.36 (KHTML, like Gecko) Chrome/99.0.4844.88 Mobile Safari/537.36","31764",,,,,
"po_1KnBneIqGbNkShMPvMIDzFgw","2022-04-11 01:12:15","2022-04-11 06:42:15","txn_1KklAyIqGbNkShMPIgKJSW9W","2022-04-04 08:22:12","2022-04-04 13:52:12","2022-04-11 00:00:00","2022-04-11 05:30:00","inr","7373.03","374.10","6998.93","charge","ch_1KklAuIqGbNkShMPlgGUbsYx","Order 210793 from Xcode Life","99.00","usd","cus_JzAHGUnTdDLFfR","alex.klassmann@koeln.de","Alexander Klassmann",,,,,,,,"ch_1KklAuIqGbNkShMPlgGUbsYx","pi_1KkX6EIqGbNkShMPFexAiovr","2022-04-04 08:22:12","2022-04-04 13:52:12",,,,"card","Visa","credit","DE",,,"1649060530",,,,,,"stripe_cc","84.44.201.247","210793","PaymentPlugins",,,,"Mega Pack x 1",,,,,,,,,,,,,,,,,,"Mozilla/5.0 (X11; Linux x86_64; rv:98.0) Gecko/20100101 Firefox/98.0","5215",,,,,
"po_1KnY6VIqGbNkShMP749chxlG","2022-04-12 01:01:12","2022-04-12 06:31:12","txn_1Kl777IqGbNkShMP2MIo68kH","2022-04-05 07:47:42","2022-04-05 13:17:42","2022-04-12 00:00:00","2022-04-12 05:30:00","inr","5103.82","258.96","4844.86","charge","ch_1Kl774IqGbNkShMPC5K0wzTW","Order 210803 from Xcode Life","69.00","usd","cus_IjbYGDqQTyUzfZ","mahir@nordicem.se","Mahir Vazda",,,,,,,,"ch_1Kl774IqGbNkShMPC5K0wzTW","pi_1Kl772IqGbNkShMPORXLLhJQ","2022-04-05 07:47:42","2022-04-05 13:17:42",,,,"card","MasterCard","credit","SE",,,"1649144859",,,,,,"stripe_cc","217.115.45.26","210803","PaymentPlugins","DNA Health Insights x 1",,,,,,,,,,,,,,,,,,,,,"Mozilla/5.0 (Macintosh; Intel Mac OS X 10_14_6) AppleWebKit/537.36 (KHTML, like Gecko) Chrome/99.0.4844.84 Safari/537.36","25435",,,,,
"po_1Kpj0KIqGbNkShMP87IsS9vX","2022-04-18 01:03:49","2022-04-18 06:33:49","txn_1KlhUsIqGbNkShMPsfFqRVEi","2022-04-06 22:38:38","2022-04-07 04:08:38","2022-04-13 00:00:00","2022-04-13 05:30:00","inr","2971.23","150.76","2820.47","charge","ch_1KlhUoIqGbNkShMPrMJ9SgYU","Order 210817 from Xcode Life","40.00","usd","cus_LScdQSIrEybCX4","lsanchezpagan1990@gmail.com","Lisandra Sanchez Pagan",,,,,,,,"ch_1KlhUoIqGbNkShMPrMJ9SgYU","pi_1KlhRQIqGbNkShMPggg9ExFV","2022-04-06 22:38:38","2022-04-07 04:08:38",,,,"card","Visa","debit","US",,,"1649284715",,,,,,"stripe_cc","108.183.84.6","210817","PaymentPlugins",,,,,,,,,,,,,,,,,,"BRCA & Breast Cancer x 1",,,,"Mozilla/5.0 (X11; CrOS x86_64 14388.52.0) AppleWebKit/537.36 (KHTML, like Gecko) Chrome/98.0.4758.91 Safari/537.36","31792",,,,,
"po_1Kpj0KIqGbNkShMP87IsS9vX","2022-04-18 01:03:49","2022-04-18 06:33:49","txn_1KlsYpIqGbNkShMPCttJmomT","2022-04-07 10:27:28","2022-04-07 15:57:28","2022-04-18 00:00:00","2022-04-18 05:30:00","inr","1488.53","75.53","1413.00","charge","ch_1KlsYmIqGbNkShMP0OFM07Il","Order 210821 from Xcode Life","20.00","usd","cus_LScdQSIrEybCX4","lsanchezpagan1990@gmail.com","Lisandra Sanchez Pagan",,,,,,,,"ch_1KlsYmIqGbNkShMP0OFM07Il","pi_1KlsViIqGbNkShMPYcSJq2Te","2022-04-07 10:27:28","2022-04-07 15:57:28",,,,"card","Visa","debit","US",,,"1649327245",,,,,,"stripe_cc","108.183.84.6","210821","PaymentPlugins",,,,,,,,,,,"Gene Nutrition x 1",,,,,,,,,,,"Mozilla/5.0 (X11; CrOS x86_64 14388.52.0) AppleWebKit/537.36 (KHTML, like Gecko) Chrome/98.0.4758.91 Safari/537.36","31792",,,,,
"po_1Kpj0KIqGbNkShMP87IsS9vX","2022-04-18 01:03:49","2022-04-18 06:33:49","txn_1Kndr3IqGbNkShMP8AdKTzna","2022-04-12 07:09:31","2022-04-12 12:39:31","2022-04-13 00:00:00","2022-04-13 05:30:00","inr","-2972.83","0.00","-2972.83","refund","re_1KndqxIqGbNkShMP33TxEyGf","REFUND FOR CHARGE (Order 210817 from Xcode Life)","-40.00","usd","cus_LScdQSIrEybCX4","lsanchezpagan1990@gmail.com","Lisandra Sanchez Pagan",,,,,,,,"ch_1KlhUoIqGbNkShMPrMJ9SgYU","pi_1KlhRQIqGbNkShMPggg9ExFV","2022-04-06 22:38:38","2022-04-07 04:08:38",,,,"card","Visa","debit","US",,,"1649284715",,,,,,"stripe_cc","108.183.84.6","210817","PaymentPlugins",,,,,,,,,,,,,,,,,,"BRCA & Breast Cancer x 1",,,,"Mozilla/5.0 (X11; CrOS x86_64 14388.52.0) AppleWebKit/537.36 (KHTML, like Gecko) Chrome/98.0.4758.91 Safari/537.36","31792","woocommerce","210817",,,
"po_1KqSGdIqGbNkShMPd6xqfgTS","2022-04-20 01:23:40","2022-04-20 06:53:40","txn_1KnTiZIqGbNkShMPMr1MBikI","2022-04-11 20:20:08","2022-04-12 01:50:08","2022-04-20 00:00:00","2022-04-20 05:30:00","inr","5873.00","298.00","5575.00","charge","ch_1KnTiWIqGbNkShMPa98YV1dc","Order 210860 from Xcode Life","79.00","usd","cus_LUS3Yy3tcijuc5","jessygaudreault@hotmail.com","Jessy Gaudreault",,,,,,,,"ch_1KnTiWIqGbNkShMPa98YV1dc","pi_1KnT93IqGbNkShMPz2ueOcqd","2022-04-11 20:20:08","2022-04-12 01:50:08",,,,"card","MasterCard","credit","CA",,,"1649708405",,,,,,"stripe_cc","173.179.237.237","210860","PaymentPlugins","DNA Health Insights x 1",,,,,,,,,,,,,,,,,,,,,"Mozilla/5.0 (Windows NT 10.0; Win64; x64) AppleWebKit/537.36 (KHTML, like Gecko) Chrome/100.0.4896.88 Safari/537.36","31815",,,,,
"po_1KqoTfIqGbNkShMPxARbjerU","2022-04-21 01:06:36","2022-04-21 06:36:36","txn_1KnfVnIqGbNkShMPYKq0kKLK","2022-04-12 08:55:43","2022-04-12 14:25:43","2022-04-21 00:00:00","2022-04-21 05:30:00","inr","5128.11","260.21","4867.90","charge","ch_1KnfVjIqGbNkShMPxi4x8APg","Order 210869 from Xcode Life","69.00","usd","cus_IjbYGDqQTyUzfZ","mahir@nordicem.se","Mahir Vazda",,,,,,,,"ch_1KnfVjIqGbNkShMPxi4x8APg","pi_1KnfVhIqGbNkShMPOWUPTYFa","2022-04-12 08:55:43","2022-04-12 14:25:43",,,,"card","MasterCard","credit","SE",,,"1649753740",,,,,,"stripe_cc","81.226.5.26","210869","PaymentPlugins","DNA Health Insights x 1",,,,,,,,,,,,,,,,,,,,,"Mozilla/5.0 (Macintosh; Intel Mac OS X 10_14_6) AppleWebKit/537.36 (KHTML, like Gecko) Chrome/99.0.4844.84 Safari/537.36","25435",,,,,
"po_1KsGWKIqGbNkShMP3FUKm8ff","2022-04-25 01:15:21","2022-04-25 06:45:21","txn_1Koi9gIqGbNkShMP3z4WxjS6","2022-04-15 05:57:13","2022-04-15 11:27:13","2022-04-25 00:00:00","2022-04-25 05:30:00","inr","7104.38","360.47","6743.91","charge","ch_1Koi9dIqGbNkShMPhwbPNMkK","Order 210895 from Xcode Life","95.00","usd","cus_LVMKssLoZEuJKw","kellie@gc-insurance.com","Kellie Jim",,,,,,,,"ch_1Koi9dIqGbNkShMPhwbPNMkK","pi_1Koi6xIqGbNkShMPSs2csHLf","2022-04-15 05:57:13","2022-04-15 11:27:13",,,,"card","MasterCard","credit","US",,,"1650002231",,,,,,"stripe_cc","174.248.114.41","210895","PaymentPlugins","DNA Health Insights x 1",,,,,,,,,,,,,,,,,,,,,"Mozilla/5.0 (Macintosh; Intel Mac OS X 10_15_6) AppleWebKit/605.1.15 (KHTML, like Gecko) Version/15.3 Safari/605.1.15","31836",,,,,
"po_1KsGWKIqGbNkShMP3FUKm8ff","2022-04-25 01:15:21","2022-04-25 06:45:21","txn_1KpuypIqGbNkShMPxhrj8t36","2022-04-18 13:51:00","2022-04-18 19:21:00","2022-04-25 00:00:00","2022-04-25 05:30:00","inr","5155.24","261.58","4893.66","charge","ch_1KpuymIqGbNkShMP8Wfi9EIf","Order 210925 from Xcode Life","69.00","usd","cus_IjbYGDqQTyUzfZ","mahir@nordicem.se","Mahir Vazda",,,,,,,,"ch_1KpuymIqGbNkShMP8Wfi9EIf","pi_1KpuyiIqGbNkShMPyJJRvu0W","2022-04-18 13:51:00","2022-04-18 19:21:00",,,,"card","MasterCard","credit","SE",,,"1650289856",,,,,,"stripe_cc","81.226.5.26","210925","PaymentPlugins","DNA Health Insights x 1",,,,,,,,,,,,,,,,,,,,,"Mozilla/5.0 (Macintosh; Intel Mac OS X 10_14_6) AppleWebKit/537.36 (KHTML, like Gecko) Chrome/100.0.4896.88 Safari/537.36","25435",,,,,
"po_1KsGWKIqGbNkShMP3FUKm8ff","2022-04-25 01:15:21","2022-04-25 06:45:21","txn_1Kpv0oIqGbNkShMPQ725PoWU","2022-04-18 13:53:02","2022-04-18 19:23:02","2022-04-25 00:00:00","2022-04-25 05:30:00","inr","7396.65","375.32","7021.33","charge","ch_1Kpv0kIqGbNkShMPYQeDGBtU","Order 210926 from Xcode Life","99.00","usd","cus_IjbYGDqQTyUzfZ","mahir@nordicem.se","Mahir Vazda",,,,,,,,"ch_1Kpv0kIqGbNkShMPYQeDGBtU","pi_1Kpv0iIqGbNkShMPoslPhAU0","2022-04-18 13:53:02","2022-04-18 19:23:02",,,,"card","MasterCard","credit","SE",,,"1650289979",,,,,,"stripe_cc","81.226.5.26","210926","PaymentPlugins","DNA Health Insights x 1",,,,,,,,,,,,,,,,,,,,,"Mozilla/5.0 (Macintosh; Intel Mac OS X 10_14_6) AppleWebKit/537.36 (KHTML, like Gecko) Chrome/100.0.4896.88 Safari/537.36","25435",,,,,
"po_1KtLlsIqGbNkShMPvAvktX2H","2022-04-28 01:03:52","2022-04-28 06:33:52","txn_1KquX6IqGbNkShMPX7s4bTYW","2022-04-21 07:34:30","2022-04-21 13:04:30","2022-04-28 00:00:00","2022-04-28 05:30:00","inr","5905.33","299.63","5605.70","charge","ch_1KquX4IqGbNkShMP9F1dZb04","Order 210959 from Xcode Life","79.00","usd","cus_IhFOctCqNiRcin","studio@genobioma.com","progetto genobioma",,,,,,,,"ch_1KquX4IqGbNkShMP9F1dZb04","pi_1KquX2IqGbNkShMPbZHnuRaa","2022-04-21 07:34:30","2022-04-21 13:04:30",,,,"card","Visa","debit","IT",,,"1650526466",,,,,,"stripe_cc","151.74.10.40","210959","PaymentPlugins",,,,"Mega Pack x 1",,,,,,,,,,,,,,,,,,"Mozilla/5.0 (Windows NT 10.0; Win64; x64) AppleWebKit/537.36 (KHTML, like Gecko) Chrome/100.0.4896.127 Safari/537.36 Edg/100.0.1185.44","28599",,,,,
"po_1KtiGOIqGbNkShMPbgBxei0m","2022-04-29 01:04:52","2022-04-29 06:34:52","txn_1KrMqSIqGbNkShMPoGfp44lf","2022-04-22 13:48:22","2022-04-22 19:18:22","2022-04-29 00:00:00","2022-04-29 05:30:00","inr","5167.80","262.22","4905.58","charge","ch_1KrMqQIqGbNkShMPY4yb4wPu","Order 210967 from Xcode Life","69.00","usd","cus_IjbYGDqQTyUzfZ","mahir@nordicem.se","Mahir Vazda",,,,,,,,"ch_1KrMqQIqGbNkShMPY4yb4wPu","pi_1KrMqNIqGbNkShMPgRAwFZs4","2022-04-22 13:48:22","2022-04-22 19:18:22",,,,"card","MasterCard","credit","SE",,,"1650635298",,,,,,"stripe_cc","81.226.5.26","210967","PaymentPlugins","DNA Health Insights x 1",,,,,,,,,,,,,,,,,,,,,"Mozilla/5.0 (Macintosh; Intel Mac OS X 10_14_6) AppleWebKit/537.36 (KHTML, like Gecko) Chrome/100.0.4896.88 Safari/537.36","25435",,,,,
"po_1KtiGOIqGbNkShMPbgBxei0m","2022-04-29 01:04:52","2022-04-29 06:34:52","txn_1KrO0WIqGbNkShMPFqtfiF0f","2022-04-22 15:02:50","2022-04-22 20:32:50","2022-04-29 00:00:00","2022-04-29 05:30:00","inr","5916.76","300.22","5616.54","charge","ch_1KrO0UIqGbNkShMPwTZXStNF","Order 210968 from Xcode Life","79.00","usd","cus_IhFOctCqNiRcin","studio@genobioma.com","progetto genobioma",,,,,,,,"ch_1KrO0UIqGbNkShMPwTZXStNF","pi_1KrNzkIqGbNkShMP4FshZ8JW","2022-04-22 15:02:50","2022-04-22 20:32:50",,,,"card","Visa","debit","IT",,,"1650639768",,,,,,"stripe_cc","151.74.10.40","210968","PaymentPlugins",,,,"Mega Pack x 1",,,,,,,,,,,,,,,,,,"Mozilla/5.0 (Windows NT 10.0; Win64; x64) AppleWebKit/537.36 (KHTML, like Gecko) Chrome/100.0.4896.127 Safari/537.36 Edg/100.0.1185.44","28599",,,,,
"po_1KtiGOIqGbNkShMPbgBxei0m","2022-04-29 01:04:52","2022-04-29 06:34:52","txn_1KrOGYIqGbNkShMPP2HU20Hv","2022-04-22 15:19:24","2022-04-22 20:49:24","2022-04-29 00:00:00","2022-04-29 05:30:00","inr","7414.68","376.21","7038.47","charge","ch_1KrOGWIqGbNkShMP2RoP3Qt5","Order 210969 from Xcode Life","99.00","usd","cus_IhFOctCqNiRcin","studio@genobioma.com","progetto genobioma",,,,,,,,"ch_1KrOGWIqGbNkShMP2RoP3Qt5","pi_1KrOFUIqGbNkShMP7azG6NEC","2022-04-22 15:19:24","2022-04-22 20:49:24",,,,"card","Visa","debit","IT",,,"1650640762",,,,,,"stripe_cc","151.74.10.40","210969","PaymentPlugins",,,,"Mega Pack x 1",,,,,,,,,,,,,,,,,,"Mozilla/5.0 (Windows NT 10.0; Win64; x64) AppleWebKit/537.36 (KHTML, like Gecko) Chrome/100.0.4896.127 Safari/537.36 Edg/100.0.1185.44","28599",,,,,
