Electronic Credit Ledger

,,,GSTIN,33AQJPV9531E1ZL,
,,,Legal Name,VIDHYA M,
,,,From,01/04/2021,
,,,To,28/02/2022
Sr.No,Date,Reference No.,Tax Period if any ,Description ,Transaction Type[Debit (DR) / Credit (CR)],,,Credit / Debit,,,,Balance Available
,,,,,,Integrated Tax,Central Tax,State Tax,CESS,Total,Integrated Tax,Central Tax,State Tax,CESS,Total
" -","-","-","-","Opening Balance","-","-","-","-","-","-","0","0","0","0","0",
" 1","17/04/2021","AA3303219991259","Mar-21","ITC accrued through - Inputs","Credit","0","0","0","0","0","0","0","0","0","0",
" 2","01/07/2021","AA330521804203X","May-21","ITC accrued through - Inputs","Credit","0","0","0","0","0","0","0","0","0","0",
" 3","20/07/2021","AB330621165283F","Jun-21","ITC accrued through - Inputs","Credit","0","0","0","0","0","0","0","0","0","0",
" 4","16/08/2021","AA330721827331L","Jul-21","ITC accrued through - Inputs","Credit","0","0","0","0","0","0","0","0","0","0",
" 5","18/02/2022","AB330122220670Y","Jan-22","ITC accrued through - Inputs","Credit","0","0","0","0","0","0","0","0","0","0",
" -","-","-","-","Closing Balance","-","-","-","-","-","-","0","0","0","0","0",
