Electronic Cash Ledger

,,,,,,GSTIN,33AQJPV9531E1ZL,
,,,,,,Name(Legal),VIDHYA M,
,,,,,,From,01/04/2021,
,,,,,,To,28/02/2022
Sr.No,Date  of deposit/Debit ,Time of deposit,Reporting date (by bank),Reference No.,Tax Period if applicable,Description,Transaction Type (Debit/Credit),Integrated Tax Amount Debited / Credited,,,,,,Central Tax Amount Debited / Credited,,,,,,State Tax Amount Debited / Credited,,,,,,CESS Amount Debited / Credited,,,,,,Integrated Tax Balance,,,,,,Central Tax Balance,,,,,,State Tax Balance,,,,,,CESS Balance
,,,,,,,,Tax,Interest,Penalty,Fee,Others,Total,Tax,Interest,Penalty,Fee,Others,Total,Tax,Interest,Penalty,Fee,Others,Total,Tax,Interest,Penalty,Fee,Others,Total,Tax,Interest,Penalty,Fee,Others,Total,Tax,Interest,Penalty,Fee,Others,Total,Tax,Interest,Penalty,Fee,Others,Total,Tax,Interest,Penalty,Fee,Others,Total
"1",""-,"-","-","-","-","Opening Balance","-","-","-","-","-","-","-","-","-","-","-","-","-","-","-","-","-","-","-","-","-","-","-","-","-","0","0","0","0","0","0","0","0","0","0","0","0","0","0","0","0","0","0","0","0","0","0","0","0",
"2",""08/02/2022,"14:08:12","08/02/2022","R2203932341473","-","Amount deposited","Credit","0.00","0.00","0.00","0.00","0.00","0.00","1,46,406.00","0.00","0.00","0.00","0.00","1,46,406.00","1,46,406.00","0.00","0.00","0.00","0.00","1,46,406.00","0.00","0.00","0.00","0.00","0.00","0.00","0","0","0","0","0","0","146406","0","0","0","0","146406","146406","0","0","0","0","146406","0","0","0","0","0","0",
"3",""08/02/2022,"-","-","DC3302220033536","Mar-21","Voluntary payment ","Debit","0.00","0.00","0.00","0.00","0.00","0.00","1,46,406.00","0.00","0.00","0.00","0.00","1,46,406.00","1,46,406.00","0.00","0.00","0.00","0.00","1,46,406.00","0.00","0.00","0.00","0.00","0.00","0.00","0","0","0","0","0","0","0","0","0","0","0","0","0","0","0","0","0","0","0","0","0","0","0","0",
"4",""-,"-","-","-","-","Closing Balance","-","-","-","-","-","-","-","-","-","-","-","-","-","-","-","-","-","-","-","-","-","-","-","-","-","0","0","0","0","0","0","0","0","0","0","0","0","0","0","0","0","0","0","0","0","0","0","0","0",
