Electronic Cash Ledger

,,,,,,GSTIN,33AQJPV9531E1ZL,
,,,,,,Name(Legal),VIDHYA M,
,,,,,,From,01/04/2020,
,,,,,,To,31/03/2021
Sr.No,Date  of deposit/Debit ,Time of deposit,Reporting date (by bank),Reference No.,Tax Period if applicable,Description,Transaction Type (Debit/Credit),Integrated Tax Amount Debited / Credited,,,,,,Central Tax Amount Debited / Credited,,,,,,State Tax Amount Debited / Credited,,,,,,CESS Amount Debited / Credited,,,,,,Integrated Tax Balance,,,,,,Central Tax Balance,,,,,,State Tax Balance,,,,,,CESS Balance
,,,,,,,,Tax,Interest,Penalty,Fee,Others,Total,Tax,Interest,Penalty,Fee,Others,Total,Tax,Interest,Penalty,Fee,Others,Total,Tax,Interest,Penalty,Fee,Others,Total,Tax,Interest,Penalty,Fee,Others,Total,Tax,Interest,Penalty,Fee,Others,Total,Tax,Interest,Penalty,Fee,Others,Total,Tax,Interest,Penalty,Fee,Others,Total
"1",""-,"-","-","-","-","Opening Balance","-","-","-","-","-","-","-","-","-","-","-","-","-","-","-","-","-","-","-","-","-","-","-","-","-","0","0","0","0","0","0","0","0","0","0","0","0","0","0","0","0","0","0","0","0","0","0","0","0",
"2",""-,"-","-","-","-","Closing Balance","-","-","-","-","-","-","-","-","-","-","-","-","-","-","-","-","-","-","-","-","-","-","-","-","-","0","0","0","0","0","0","0","0","0","0","0","0","0","0","0","0","0","0","0","0","0","0","0","0",
