Electronic Credit Ledger

,,,GSTIN,33AQJPV9531E1ZL,
,,,Legal Name,VIDHYA M,
,,,From,01/04/2020,
,,,To,31/03/2021
Sr.No,Date,Reference No.,Tax Period if any ,Description ,Transaction Type[Debit (DR) / Credit (CR)],,,Credit / Debit,,,,Balance Available
,,,,,,Integrated Tax,Central Tax,State Tax,CESS,Total,Integrated Tax,Central Tax,State Tax,CESS,Total
" -","-","-","-","Opening Balance","-","-","-","-","-","-","34950","0","0","0","34950",
" 1","17/08/2020","BL3308200000550","Aug-20","Blocked","Debit","0","0","0","0","0","34950","0","0","0","34950",
" 2","28/11/2020","BL3311200000073","Nov-20","Blocked","Debit","34950","0","0","0","34950","0","0","0","0","0",
" -","-","-","-","Closing Balance","-","-","-","-","-","-","0","0","0","0","0",
